順番,名前,H,A,B,S,C,D,タイプ1,タイプ2,捕獲率,基礎経験値,努力値1,努力値2,持ち物50%,持ち物5%,性別判定,孵化歩数,初期懐き度,経験値タイプ,タマゴグループ1,タマゴグループ2,特性1,特性2,逃走値,色，向き,夢特性,28byte目,進化条件1,汎用変数1,進化先1,進化に必要なレベル1,進化条件2,汎用変数2,進化先2,進化に必要なレベル2,進化条件3,汎用変数3,進化先3,進化に必要なレベル3,進化条件4,汎用変数4,進化先4,進化に必要なレベル4,進化条件5,汎用変数5,進化先5,進化に必要なレベル5,
0,？？？？？終,0,0,0,0,0,0,無,無,0,0,0,0,アイテムなし,アイテムなし,0,0,0,0,0,0,ーーーーーーー終,ーーーーーーー終,0,0,0,0,進化なし,0,？？？？？終,0,進化なし,0,？？？？？終,0,進化なし,0,？？？？？終,0,進化なし,0,？？？？？終,0,進化なし,0,？？？？？終,0,
1,フシギダネ終,45,49,49,45,65,65,草,毒,45,64,0,1,アイテムなし,アイテムなし,31,20,70,3,1,7,しんりょく終　　,ーーーーーーー終,0,3,0,0,普通にレベルアップ,16,フシギソウ終,0,進化なし,0,？？？？？終,0,進化なし,0,？？？？？終,0,進化なし,0,？？？？？終,0,進化なし,0,？？？？？終,0,
2,フシギソウ終,60,62,63,60,80,80,草,毒,45,141,0,5,アイテムなし,アイテムなし,31,20,70,3,1,7,しんりょく終　　,ーーーーーーー終,0,3,0,0,普通にレベルアップ,32,フシギバナ終,0,進化なし,0,？？？？？終,0,進化なし,0,？？？？？終,0,進化なし,0,？？？？？終,0,進化なし,0,？？？？？終,0,
3,フシギバナ終,80,82,83,80,100,100,草,毒,45,208,0,6,アイテムなし,アイテムなし,31,20,70,3,1,7,しんりょく終　　,ーーーーーーー終,0,3,0,0,進化なし,0,？？？？？終,0,進化なし,0,？？？？？終,0,進化なし,0,？？？？？終,0,進化なし,0,？？？？？終,0,進化なし,0,？？？？？終,0,
4,ヒトカゲ終　,39,52,43,65,60,50,炎,炎,45,65,64,0,アイテムなし,アイテムなし,31,20,70,3,1,14,もうか終　　　　,ーーーーーーー終,0,0,0,0,普通にレベルアップ,16,リザード終　,0,進化なし,0,？？？？？終,0,進化なし,0,？？？？？終,0,進化なし,0,？？？？？終,0,進化なし,0,？？？？？終,0,
5,リザード終　,58,64,58,80,80,65,炎,炎,45,142,64,1,アイテムなし,アイテムなし,31,20,70,3,1,14,もうか終　　　　,ーーーーーーー終,0,0,0,0,普通にレベルアップ,36,リザードン終,0,進化なし,0,？？？？？終,0,進化なし,0,？？？？？終,0,進化なし,0,？？？？？終,0,進化なし,0,？？？？？終,0,
6,リザードン終,78,84,78,100,109,85,炎,飛,45,209,0,3,アイテムなし,アイテムなし,31,20,70,3,1,14,もうか終　　　　,ーーーーーーー終,0,0,0,0,進化なし,0,？？？？？終,0,進化なし,0,？？？？？終,0,進化なし,0,？？？？？終,0,進化なし,0,？？？？？終,0,進化なし,0,？？？？？終,0,
7,ゼニガメ終　,44,48,65,43,50,64,水,水,45,66,16,0,アイテムなし,アイテムなし,31,20,70,3,1,2,げきりゅう終　　,ーーーーーーー終,0,1,0,0,普通にレベルアップ,16,カメール終　,0,進化なし,0,？？？？？終,0,進化なし,0,？？？？？終,0,進化なし,0,？？？？？終,0,進化なし,0,？？？？？終,0,
8,カメール終　,59,63,80,58,65,80,水,水,45,143,16,4,アイテムなし,アイテムなし,31,20,70,3,1,2,げきりゅう終　　,ーーーーーーー終,0,1,0,0,普通にレベルアップ,36,カメックス終,0,進化なし,0,？？？？？終,0,進化なし,0,？？？？？終,0,進化なし,0,？？？？？終,0,進化なし,0,？？？？？終,0,
9,カメックス終,79,83,100,78,85,105,水,水,45,210,0,12,アイテムなし,アイテムなし,31,20,70,3,1,2,げきりゅう終　　,ーーーーーーー終,0,1,0,0,進化なし,0,？？？？？終,0,進化なし,0,？？？？？終,0,進化なし,0,？？？？？終,0,進化なし,0,？？？？？終,0,進化なし,0,？？？？？終,0,
10,キャタピー終,45,30,35,45,20,20,虫,虫,255,53,1,0,アイテムなし,アイテムなし,127,15,70,0,3,3,りんぷん終　　　,ーーーーーーー終,0,3,0,0,普通にレベルアップ,7,トランセル終,0,進化なし,0,？？？？？終,0,進化なし,0,？？？？？終,0,進化なし,0,？？？？？終,0,進化なし,0,？？？？？終,0,
11,トランセル終,50,20,55,30,25,25,虫,虫,120,72,32,0,アイテムなし,アイテムなし,127,15,70,0,3,3,だっぴ終　　　　,ーーーーーーー終,0,3,0,0,普通にレベルアップ,10,バタフリー終,0,進化なし,0,？？？？？終,0,進化なし,0,？？？？？終,0,進化なし,0,？？？？？終,0,進化なし,0,？？？？？終,0,
12,バタフリー終,60,45,50,70,90,80,虫,飛,45,160,0,6,アイテムなし,ぎんのこな,127,15,70,0,3,3,ふくがん終　　　,ーーーーーーー終,0,8,0,0,進化なし,0,？？？？？終,0,進化なし,0,？？？？？終,0,進化なし,0,？？？？？終,0,進化なし,0,？？？？？終,0,進化なし,0,？？？？？終,0,
13,ビードル終　,40,35,30,50,20,20,虫,毒,255,52,64,0,アイテムなし,アイテムなし,127,15,70,0,3,3,りんぷん終　　　,ーーーーーーー終,0,5,0,0,普通にレベルアップ,7,コクーン終　,0,進化なし,0,？？？？？終,0,進化なし,0,？？？？？終,0,進化なし,0,？？？？？終,0,進化なし,0,？？？？？終,0,
14,コクーン終　,45,25,50,35,25,25,虫,毒,120,71,32,0,アイテムなし,アイテムなし,127,15,70,0,3,3,だっぴ終　　　　,ーーーーーーー終,0,2,0,0,普通にレベルアップ,10,スピアー終　,0,進化なし,0,？？？？？終,0,進化なし,0,？？？？？終,0,進化なし,0,？？？？？終,0,進化なし,0,？？？？？終,0,
15,スピアー終　,65,90,40,75,45,80,虫,毒,45,159,8,4,アイテムなし,どくバリ,127,15,70,0,3,3,むしのしらせ終　,ーーーーーーー終,0,2,0,0,進化なし,0,？？？？？終,0,進化なし,0,？？？？？終,0,進化なし,0,？？？？？終,0,進化なし,0,？？？？？終,0,進化なし,0,？？？？？終,0,
16,ポッポ終　　,40,45,40,56,35,35,無,飛,255,55,64,0,アイテムなし,アイテムなし,127,15,70,3,4,4,するどいめ終　　,はりきり終　　　,0,5,0,0,普通にレベルアップ,18,ピジョン終　,0,進化なし,0,？？？？？終,0,進化なし,0,？？？？？終,0,進化なし,0,？？？？？終,0,進化なし,0,？？？？？終,0,
17,ピジョン終　,63,60,55,71,50,50,無,飛,120,113,128,0,アイテムなし,アイテムなし,127,15,70,3,4,4,するどいめ終　　,はりきり終　　　,0,5,0,0,普通にレベルアップ,36,ピジョット終,0,進化なし,0,？？？？？終,0,進化なし,0,？？？？？終,0,進化なし,0,？？？？？終,0,進化なし,0,？？？？？終,0,
18,ピジョット終,83,80,75,101,70,70,無,飛,45,172,192,0,アイテムなし,アイテムなし,127,15,70,3,4,4,するどいめ終　　,はりきり終　　　,0,5,0,0,進化なし,0,？？？？？終,0,進化なし,0,？？？？？終,0,進化なし,0,？？？？？終,0,進化なし,0,？？？？？終,0,進化なし,0,？？？？？終,0,
19,コラッタ終　,30,56,35,72,25,35,無,無,255,57,64,0,アイテムなし,アイテムなし,127,15,70,0,5,5,にげあし終　　　,こんじょう終　　,0,6,0,0,普通にレベルアップ,20,ラッタ終　　,0,進化なし,0,？？？？？終,0,進化なし,0,？？？？？終,0,進化なし,0,？？？？？終,0,進化なし,0,？？？？？終,0,
20,ラッタ終　　,55,81,60,97,50,70,無,無,127,116,128,0,オレンのみ,オボンのみ,127,15,70,0,5,5,にげあし終　　　,こんじょう終　　,0,5,0,0,進化なし,0,？？？？？終,0,進化なし,0,？？？？？終,0,進化なし,0,？？？？？終,0,進化なし,0,？？？？？終,0,進化なし,0,？？？？？終,0,
21,オニスズメ終,40,60,30,70,31,31,無,飛,255,58,64,0,アイテムなし,アイテムなし,127,15,70,0,4,4,するどいめ終　　,ーーーーーーー終,0,5,0,0,普通にレベルアップ,20,オニドリル終,0,進化なし,0,？？？？？終,0,進化なし,0,？？？？？終,0,進化なし,0,？？？？？終,0,進化なし,0,？？？？？終,0,
22,オニドリル終,65,90,65,100,61,61,無,飛,90,162,128,0,アイテムなし,するどいくちばし,127,15,70,0,4,4,するどいめ終　　,おおきなつばさ終,0,5,0,0,進化なし,0,？？？？？終,0,進化なし,0,？？？？？終,0,進化なし,0,？？？？？終,0,進化なし,0,？？？？？終,0,進化なし,0,？？？？？終,0,
23,アーボ終　　,35,60,44,55,40,54,毒,毒,255,62,4,0,アイテムなし,アイテムなし,127,20,70,0,5,14,いかく終　　　　,だっぴ終　　　　,0,6,0,0,普通にレベルアップ,22,アーボック終,0,進化なし,0,？？？？？終,0,進化なし,0,？？？？？終,0,進化なし,0,？？？？？終,0,進化なし,0,？？？？？終,0,
24,アーボック終,60,95,69,80,65,79,毒,毒,90,147,8,0,アイテムなし,どくバリ,127,20,70,0,5,14,いかく終　　　　,だっぴ終　　　　,0,6,0,0,進化なし,0,？？？？？終,0,進化なし,0,？？？？？終,0,進化なし,0,？？？？？終,0,進化なし,0,？？？？？終,0,進化なし,0,？？？？？終,0,
25,ピカチュウ終,35,55,40,90,50,50,電,電,190,82,128,0,アイテムなし,でんきだま,127,10,70,0,5,6,せいでんき終　　,ーーーーーーー終,0,2,0,0,アイテム使用,かみなりのいし,ライチュウ終,0,進化なし,0,？？？？？終,0,進化なし,0,？？？？？終,0,進化なし,0,？？？？？終,0,進化なし,0,？？？？？終,0,
26,ライチュウ終,60,90,55,110,90,80,電,電,75,122,192,0,アイテムなし,アイテムなし,127,10,70,0,5,6,せいでんき終　　,せいでんき終　　,0,2,0,0,進化なし,0,？？？？？終,0,進化なし,0,？？？？？終,0,進化なし,0,？？？？？終,0,進化なし,0,？？？？？終,0,進化なし,0,？？？？？終,0,
27,サンド終　　,50,75,85,40,20,30,地,地,255,93,16,0,アイテムなし,アイテムなし,127,20,70,0,5,5,すながくれ終　　,ーーーーーーー終,0,2,0,0,普通にレベルアップ,22,サンドパン終,0,進化なし,0,？？？？？終,0,進化なし,0,？？？？？終,0,進化なし,0,？？？？？終,0,進化なし,0,？？？？？終,0,
28,サンドパン終,75,100,110,65,45,55,地,地,90,163,32,0,アイテムなし,やわらかいすな,127,20,70,0,5,5,すながくれ終　　,ーーーーーーー終,0,2,0,0,進化なし,0,？？？？？終,0,進化なし,0,？？？？？終,0,進化なし,0,？？？？？終,0,進化なし,0,？？？？？終,0,進化なし,0,？？？？？終,0,
29,ニドラン♀終,55,47,52,41,40,40,毒,毒,235,59,1,0,アイテムなし,アイテムなし,254,20,70,3,1,5,どくのトゲ終　　,ーーーーーーー終,50,1,0,0,普通にレベルアップ,16,ニドリーナ終,0,進化なし,0,？？？？？終,0,進化なし,0,？？？？？終,0,進化なし,0,？？？？？終,0,進化なし,0,？？？？？終,0,
30,ニドリーナ終,70,62,67,56,55,55,毒,毒,120,117,2,0,アイテムなし,アイテムなし,254,20,70,3,15,15,どくのトゲ終　　,ーーーーーーー終,75,1,0,0,アイテム使用,つきのいし,ニドクイン終,0,進化なし,0,？？？？？終,0,進化なし,0,？？？？？終,0,進化なし,0,？？？？？終,0,進化なし,0,？？？？？終,0,
31,ニドクイン終,90,92,87,76,75,85,毒,地,45,194,3,0,アイテムなし,アイテムなし,254,20,70,3,15,15,どくのトゲ終　　,ーーーーーーー終,0,1,0,0,進化なし,0,？？？？？終,0,進化なし,0,？？？？？終,0,進化なし,0,？？？？？終,0,進化なし,0,？？？？？終,0,進化なし,0,？？？？？終,0,
32,ニドラン♂終,46,57,40,50,40,40,毒,毒,235,60,4,0,アイテムなし,アイテムなし,0,20,70,3,1,5,どくのトゲ終　　,ーーーーーーー終,50,6,0,0,普通にレベルアップ,16,ニドリーノ終,0,進化なし,0,？？？？？終,0,進化なし,0,？？？？？終,0,進化なし,0,？？？？？終,0,進化なし,0,？？？？？終,0,
33,ニドリーノ終,61,72,57,65,55,55,毒,毒,120,118,8,0,アイテムなし,アイテムなし,0,20,70,3,1,5,どくのトゲ終　　,ーーーーーーー終,75,6,0,0,アイテム使用,つきのいし,ニドキング終,0,進化なし,0,？？？？？終,0,進化なし,0,？？？？？終,0,進化なし,0,？？？？？終,0,進化なし,0,？？？？？終,0,
34,ニドキング終,81,102,77,85,85,75,毒,地,45,195,12,0,アイテムなし,アイテムなし,0,20,70,3,1,5,どくのトゲ終　　,ーーーーーーー終,0,6,0,0,進化なし,0,？？？？？終,0,進化なし,0,？？？？？終,0,進化なし,0,？？？？？終,0,進化なし,0,？？？？？終,0,進化なし,0,？？？？？終,0,
35,ピッピ終　　,70,45,48,35,60,65,妖,妖,150,68,2,0,アイテムなし,つきのいし,191,10,140,4,6,6,メロメロボディ終,ーーーーーーー終,0,9,0,0,アイテム使用,つきのいし,ピクシー終　,0,進化なし,0,？？？？？終,0,進化なし,0,？？？？？終,0,進化なし,0,？？？？？終,0,進化なし,0,？？？？？終,0,
36,ピクシー終　,95,70,73,60,95,90,妖,妖,25,129,3,0,アイテムなし,つきのいし,191,10,140,4,6,6,メロメロボディ終,ーーーーーーー終,0,9,0,0,進化なし,0,？？？？？終,0,進化なし,0,？？？？？終,0,進化なし,0,？？？？？終,0,進化なし,0,？？？？？終,0,進化なし,0,？？？？？終,0,
37,ロコン終　　,38,41,40,65,50,65,炎,炎,190,63,64,0,チーゴのみ,アイテムなし,191,20,70,0,5,5,もらいび終　　　,ひでり終　　　　,0,5,0,0,アイテム使用,ほのおのいし,キュウコン終,0,進化なし,0,？？？？？終,0,進化なし,0,？？？？？終,0,進化なし,0,？？？？？終,0,進化なし,0,？？？？？終,0,
38,キュウコン終,73,76,75,100,81,100,炎,炎,75,178,64,4,チーゴのみ,アイテムなし,191,20,70,0,5,5,もらいび終　　　,ひでり終　　　　,0,2,0,0,進化なし,0,？？？？？終,0,進化なし,0,？？？？？終,0,進化なし,0,？？？？？終,0,進化なし,0,？？？？？終,0,進化なし,0,？？？？？終,0,
39,プリン終　　,115,45,20,20,45,25,妖,無,170,76,2,0,オレンのみ,アイテムなし,191,10,70,4,6,6,メロメロボディ終,ーーーーーーー終,0,9,0,0,アイテム使用,つきのいし,プクリン終　,0,進化なし,0,？？？？？終,0,進化なし,0,？？？？？終,0,進化なし,0,？？？？？終,0,進化なし,0,？？？？？終,0,
40,プクリン終　,140,70,45,45,85,50,妖,無,50,109,3,0,オレンのみ,アイテムなし,191,10,70,4,6,6,メロメロボディ終,ーーーーーーー終,0,9,0,0,進化なし,0,？？？？？終,0,進化なし,0,？？？？？終,0,進化なし,0,？？？？？終,0,進化なし,0,？？？？？終,0,進化なし,0,？？？？？終,0,
41,ズバット終　,40,45,35,55,30,40,毒,飛,255,54,64,0,アイテムなし,アイテムなし,127,15,70,0,4,4,せいしんりょく終,ーーーーーーー終,0,6,0,0,普通にレベルアップ,22,ゴルバット終,0,進化なし,0,？？？？？終,0,進化なし,0,？？？？？終,0,進化なし,0,？？？？？終,0,進化なし,0,？？？？？終,0,
42,ゴルバット終,75,80,70,90,65,75,毒,飛,90,171,128,0,アイテムなし,アイテムなし,127,15,70,0,4,4,せいしんりょく終,ーーーーーーー終,0,6,0,0,懐き度220以上でレベルアップ,0,クロバット終,0,進化なし,0,？？？？？終,0,進化なし,0,？？？？？終,0,進化なし,0,？？？？？終,0,進化なし,0,？？？？？終,0,
43,ナゾノクサ終,45,50,55,30,75,65,草,毒,255,78,0,1,アイテムなし,アイテムなし,127,20,70,3,7,7,ようりょくそ終　,ーーーーーーー終,0,1,0,0,普通にレベルアップ,21,クサイハナ終,0,進化なし,0,？？？？？終,0,進化なし,0,？？？？？終,0,進化なし,0,？？？？？終,0,進化なし,0,？？？？？終,0,
44,クサイハナ終,60,65,70,40,85,75,草,毒,120,132,0,2,アイテムなし,アイテムなし,127,20,70,3,7,7,ようりょくそ終　,ーーーーーーー終,0,1,0,0,アイテム使用,リーフのいし,ラフレシア終,0,アイテム使用,たいようのいし,キレイハナ終,0,進化なし,0,？？？？？終,0,進化なし,0,？？？？？終,0,進化なし,0,？？？？？終,0,
45,ラフレシア終,75,80,85,50,110,90,草,毒,45,184,0,3,アイテムなし,アイテムなし,127,20,70,3,7,7,ようりょくそ終　,ーーーーーーー終,0,0,0,0,進化なし,0,？？？？？終,0,進化なし,0,？？？？？終,0,進化なし,0,？？？？？終,0,進化なし,0,？？？？？終,0,進化なし,0,？？？？？終,0,
46,パラス終　　,35,70,55,25,45,55,虫,草,190,70,4,0,ちいさなキノコ,おおきなキノコ,127,20,70,0,3,7,ほうし終　　　　,はっこう終　　　,50,0,0,0,普通にレベルアップ,24,パラセクト終,0,進化なし,0,？？？？？終,0,進化なし,0,？？？？？終,0,進化なし,0,？？？？？終,0,進化なし,0,？？？？？終,0,
47,パラセクト終,60,95,80,30,60,80,虫,草,75,128,24,0,ちいさなキノコ,おおきなキノコ,127,20,70,0,3,7,ほうし終　　　　,テクニシャン終　,75,0,0,0,進化なし,0,？？？？？終,0,進化なし,0,？？？？？終,0,進化なし,0,？？？？？終,0,進化なし,0,？？？？？終,0,進化なし,0,？？？？？終,0,
48,コンパン終　,60,55,50,45,40,55,虫,毒,190,75,0,4,アイテムなし,アイテムなし,127,20,70,0,3,3,ふくがん終　　　,ーーーーーーー終,50,6,0,0,普通にレベルアップ,31,モルフォン終,0,進化なし,0,？？？？？終,0,進化なし,0,？？？？？終,0,進化なし,0,？？？？？終,0,進化なし,0,？？？？？終,0,
49,モルフォン終,70,65,60,90,90,75,虫,毒,75,138,64,1,アイテムなし,ぎんのこな,127,20,70,0,3,3,りんぷん終　　　,ーーーーーーー終,75,6,0,0,進化なし,0,？？？？？終,0,進化なし,0,？？？？？終,0,進化なし,0,？？？？？終,0,進化なし,0,？？？？？終,0,進化なし,0,？？？？？終,0,
50,ディグダ終　,10,55,25,95,35,45,地,地,255,81,64,0,アイテムなし,アイテムなし,127,20,70,0,5,5,すながくれ終　　,ありじごく終　　,0,5,0,0,普通にレベルアップ,26,ダグトリオ終,0,進化なし,0,？？？？？終,0,進化なし,0,？？？？？終,0,進化なし,0,？？？？？終,0,進化なし,0,？？？？？終,0,
51,ダグトリオ終,35,100,50,120,50,70,地,地,50,153,128,0,アイテムなし,アイテムなし,127,20,70,0,5,5,すながくれ終　　,ありじごく終　　,0,5,0,0,進化なし,0,？？？？？終,0,進化なし,0,？？？？？終,0,進化なし,0,？？？？？終,0,進化なし,0,？？？？？終,0,進化なし,0,？？？？？終,0,
52,ニャース終　,40,45,35,90,40,40,無,無,255,69,64,0,アイテムなし,きんのたま,127,20,70,0,5,5,ものひろい終　　,テクニシャン終　,0,2,0,0,普通にレベルアップ,28,ペルシアン終,0,進化なし,0,？？？？？終,0,進化なし,0,？？？？？終,0,進化なし,0,？？？？？終,0,進化なし,0,？？？？？終,0,
53,ペルシアン終,65,70,60,115,65,65,無,無,90,148,128,0,アイテムなし,アイテムなし,127,20,70,0,5,5,じゅうなん終　　,テクニシャン終　,0,2,0,0,進化なし,0,？？？？？終,0,進化なし,0,？？？？？終,0,進化なし,0,？？？？？終,0,進化なし,0,？？？？？終,0,進化なし,0,？？？？？終,0,
54,コダック終　,50,52,48,55,65,50,水,水,190,80,0,1,アイテムなし,アイテムなし,127,20,70,0,2,5,しめりけ終　　　,ノーてんき終　　,50,2,0,0,普通にレベルアップ,33,ゴルダック終,0,進化なし,0,？？？？？終,0,進化なし,0,？？？？？終,0,進化なし,0,？？？？？終,0,進化なし,0,？？？？？終,0,
55,ゴルダック終,80,82,78,85,95,80,水,水,75,174,0,2,アイテムなし,アイテムなし,127,20,70,0,2,5,しめりけ終　　　,ノーてんき終　　,0,1,0,0,進化なし,0,？？？？？終,0,進化なし,0,？？？？？終,0,進化なし,0,？？？？？終,0,進化なし,0,？？？？？終,0,進化なし,0,？？？？？終,0,
56,マンキー終　,40,80,35,70,35,45,闘,闘,190,74,4,0,アイテムなし,アイテムなし,127,20,70,0,5,5,やるき終　　　　,ーーーーーーー終,0,5,0,0,普通にレベルアップ,28,オコリザル終,0,進化なし,0,？？？？？終,0,進化なし,0,？？？？？終,0,進化なし,0,？？？？？終,0,進化なし,0,？？？？？終,0,
57,オコリザル終,65,105,60,95,60,70,闘,闘,75,149,8,0,アイテムなし,アイテムなし,127,20,70,0,5,5,やるき終　　　　,ーーーーーーー終,0,5,0,0,進化なし,0,？？？？？終,0,進化なし,0,？？？？？終,0,進化なし,0,？？？？？終,0,進化なし,0,？？？？？終,0,進化なし,0,？？？？？終,0,
58,ガーディ終　,55,70,45,60,70,50,炎,炎,190,91,4,0,チーゴのみ,アイテムなし,63,20,70,5,5,5,いかく終　　　　,もらいび終　　　,0,5,0,0,アイテム使用,ほのおのいし,ウインディ終,0,進化なし,0,？？？？？終,0,進化なし,0,？？？？？終,0,進化なし,0,？？？？？終,0,進化なし,0,？？？？？終,0,
59,ウインディ終,90,110,80,95,100,80,炎,炎,75,213,8,0,チーゴのみ,アイテムなし,63,20,70,5,5,5,いかく終　　　　,もらいび終　　　,0,5,0,0,進化なし,0,？？？？？終,0,進化なし,0,？？？？？終,0,進化なし,0,？？？？？終,0,進化なし,0,？？？？？終,0,進化なし,0,？？？？？終,0,
60,ニョロモ終　,40,50,40,90,40,40,水,水,255,77,64,0,アイテムなし,アイテムなし,127,20,70,3,2,2,ちょすい終　　　,すいすい終　　　,50,129,0,0,普通にレベルアップ,25,ニョロゾ終　,0,進化なし,0,？？？？？終,0,進化なし,0,？？？？？終,0,進化なし,0,？？？？？終,0,進化なし,0,？？？？？終,0,
61,ニョロゾ終　,65,65,65,90,50,50,水,水,120,131,128,0,アイテムなし,アイテムなし,127,20,70,3,2,2,ちょすい終　　　,すいすい終　　　,0,129,0,0,アイテム使用,みずのいし,ニョロボン終,0,特定のアイテムを持たせた状態で通信交換,おうじゃのしるし,ニョロトノ終,0,進化なし,0,？？？？？終,0,進化なし,0,？？？？？終,0,進化なし,0,？？？？？終,0,
62,ニョロボン終,90,95,95,70,70,90,水,闘,45,185,48,0,アイテムなし,アイテムなし,127,20,70,3,2,2,ちょすい終　　　,すいすい終　　　,0,129,0,0,進化なし,0,？？？？？終,0,進化なし,0,？？？？？終,0,進化なし,0,？？？？？終,0,進化なし,0,？？？？？終,0,進化なし,0,？？？？？終,0,
63,ケーシィ終　,25,20,15,90,105,55,超,超,200,73,0,1,アイテムなし,まがったスプーン,63,20,70,3,8,8,シンクロ終　　　,せいしんりょく終,0,5,0,0,普通にレベルアップ,16,ユンゲラー終,0,進化なし,0,？？？？？終,0,進化なし,0,？？？？？終,0,進化なし,0,？？？？？終,0,進化なし,0,？？？？？終,0,
64,ユンゲラー終,40,35,30,105,120,70,超,超,100,145,0,2,アイテムなし,まがったスプーン,63,20,70,3,8,8,シンクロ終　　　,せいしんりょく終,0,5,0,0,通信交換,0,フーディン終,0,進化なし,0,？？？？？終,0,進化なし,0,？？？？？終,0,進化なし,0,？？？？？終,0,進化なし,0,？？？？？終,0,
65,フーディン終,55,50,45,120,135,95,超,超,50,186,0,3,アイテムなし,まがったスプーン,63,20,70,3,8,8,シンクロ終　　　,せいしんりょく終,0,5,0,0,進化なし,0,？？？？？終,0,進化なし,0,？？？？？終,0,進化なし,0,？？？？？終,0,進化なし,0,？？？？？終,0,進化なし,0,？？？？？終,0,
66,ワンリキー終,70,80,50,35,35,35,闘,闘,180,88,4,0,アイテムなし,カゴのみ,63,20,70,3,8,8,こんじょう終　　,ふくつのこころ終,0,7,0,0,普通にレベルアップ,28,ゴーリキー終,0,進化なし,0,？？？？？終,0,進化なし,0,？？？？？終,0,進化なし,0,？？？？？終,0,進化なし,0,？？？？？終,0,
67,ゴーリキー終,80,100,70,45,50,60,闘,闘,90,146,8,0,アイテムなし,きあいのハチマキ,63,20,70,3,8,8,こんじょう終　　,ふくつのこころ終,0,7,0,0,通信交換,0,カイリキー終,0,進化なし,0,？？？？？終,0,進化なし,0,？？？？？終,0,進化なし,0,？？？？？終,0,進化なし,0,？？？？？終,0,
68,カイリキー終,90,130,80,55,65,85,闘,闘,45,193,12,0,アイテムなし,きあいのハチマキ,63,20,70,3,8,8,こんじょう終　　,ふくつのこころ終,0,7,0,0,進化なし,0,？？？？？終,0,進化なし,0,？？？？？終,0,進化なし,0,？？？？？終,0,進化なし,0,？？？？？終,0,進化なし,0,？？？？？終,0,
69,マダツボミ終,50,75,35,40,70,30,草,毒,255,84,4,0,アイテムなし,アイテムなし,127,20,70,3,7,7,ようりょくそ終　,ーーーーーーー終,0,3,0,0,普通にレベルアップ,21,ウツドン終　,0,進化なし,0,？？？？？終,0,進化なし,0,？？？？？終,0,進化なし,0,？？？？？終,0,進化なし,0,？？？？？終,0,
70,ウツドン終　,65,90,50,55,85,45,草,毒,120,151,8,0,アイテムなし,アイテムなし,127,20,70,3,7,7,ようりょくそ終　,ーーーーーーー終,0,3,0,0,アイテム使用,リーフのいし,ウツボット終,0,進化なし,0,？？？？？終,0,進化なし,0,？？？？？終,0,進化なし,0,？？？？？終,0,進化なし,0,？？？？？終,0,
71,ウツボット終,80,105,65,70,100,70,草,毒,45,191,12,0,アイテムなし,アイテムなし,127,20,70,3,7,7,ようりょくそ終　,ーーーーーーー終,0,3,0,0,進化なし,0,？？？？？終,0,進化なし,0,？？？？？終,0,進化なし,0,？？？？？終,0,進化なし,0,？？？？？終,0,進化なし,0,？？？？？終,0,
72,メノクラゲ終,40,40,35,70,50,100,水,毒,190,105,0,4,アイテムなし,アイテムなし,127,20,70,5,9,9,クリアボディ終　,へドロえき終　　,0,1,0,0,普通にレベルアップ,30,ドククラゲ終,0,進化なし,0,？？？？？終,0,進化なし,0,？？？？？終,0,進化なし,0,？？？？？終,0,進化なし,0,？？？？？終,0,
73,ドククラゲ終,80,70,65,100,80,120,水,毒,60,205,0,8,アイテムなし,アイテムなし,127,20,70,5,9,9,クリアボディ終　,へドロえき終　　,0,1,0,0,進化なし,0,？？？？？終,0,進化なし,0,？？？？？終,0,進化なし,0,？？？？？終,0,進化なし,0,？？？？？終,0,進化なし,0,？？？？？終,0,
74,イシツブテ終,40,80,100,20,30,30,岩,地,255,86,16,0,アイテムなし,アイテムなし,127,15,70,3,10,10,いしあたま終　　,がんじょう終　　,0,5,0,0,普通にレベルアップ,25,ゴローン終　,0,進化なし,0,？？？？？終,0,進化なし,0,？？？？？終,0,進化なし,0,？？？？？終,0,進化なし,0,？？？？？終,0,
75,ゴローン終　,55,95,115,35,45,45,岩,地,120,134,32,0,アイテムなし,かたいいし,127,15,70,3,10,10,いしあたま終　　,がんじょう終　　,0,5,0,0,通信交換,0,ゴローニャ終,0,進化なし,0,？？？？？終,0,進化なし,0,？？？？？終,0,進化なし,0,？？？？？終,0,進化なし,0,？？？？？終,0,
76,ゴローニャ終,80,120,130,45,55,65,岩,地,45,177,48,0,アイテムなし,かたいいし,127,15,70,3,10,10,いしあたま終　　,がんじょう終　　,0,5,0,0,進化なし,0,？？？？？終,0,進化なし,0,？？？？？終,0,進化なし,0,？？？？？終,0,進化なし,0,？？？？？終,0,進化なし,0,？？？？？終,0,
77,ポニータ終　,50,85,55,90,65,65,炎,炎,190,152,64,0,アイテムなし,アイテムなし,127,20,70,0,5,5,にげあし終　　　,もらいび終　　　,0,2,0,0,普通にレベルアップ,40,ギャロップ終,0,進化なし,0,？？？？？終,0,進化なし,0,？？？？？終,0,進化なし,0,？？？？？終,0,進化なし,0,？？？？？終,0,
78,ギャロップ終,65,100,70,105,80,80,炎,炎,60,192,128,0,アイテムなし,アイテムなし,127,20,70,0,5,5,にげあし終　　　,もらいび終　　　,0,2,0,0,進化なし,0,？？？？？終,0,進化なし,0,？？？？？終,0,進化なし,0,？？？？？終,0,進化なし,0,？？？？？終,0,進化なし,0,？？？？？終,0,
79,ヤドン終　　,90,65,65,15,40,40,水,超,190,99,1,0,アイテムなし,アイテムなし,127,20,70,0,1,2,どんかん終　　　,マイペース終　　,50,9,0,0,普通にレベルアップ,37,ヤドラン終　,0,特定のアイテムを持たせた状態で通信交換,おうじゃのしるし,ヤドキング終,0,進化なし,0,？？？？？終,0,進化なし,0,？？？？？終,0,進化なし,0,？？？？？終,0,
80,ヤドラン終　,95,75,110,30,100,80,水,超,75,164,32,0,アイテムなし,アイテムなし,127,20,70,0,1,2,どんかん終　　　,マイペース終　　,0,9,0,0,進化なし,0,？？？？？終,0,進化なし,0,？？？？？終,0,進化なし,0,？？？？？終,0,進化なし,0,？？？？？終,0,進化なし,0,？？？？？終,0,
81,コイル終　　,25,35,70,45,95,55,電,鋼,190,89,0,1,アイテムなし,アイテムなし,255,20,70,0,10,10,じりょく終　　　,がんじょう終　　,0,7,0,0,普通にレベルアップ,30,レアコイル終,0,進化なし,0,？？？？？終,0,進化なし,0,？？？？？終,0,進化なし,0,？？？？？終,0,進化なし,0,？？？？？終,0,
82,レアコイル終,50,60,95,70,120,70,電,鋼,60,161,0,2,アイテムなし,じしゃく,255,20,70,0,10,10,じりょく終　　　,がんじょう終　　,0,7,0,0,進化なし,0,？？？？？終,0,進化なし,0,？？？？？終,0,進化なし,0,？？？？？終,0,進化なし,0,？？？？？終,0,進化なし,0,？？？？？終,0,
83,カモネギ終　,52,90,55,60,58,62,無,飛,45,94,4,0,アイテムなし,ながねぎ,127,20,70,0,4,5,せいしんりょく終,はりきり終　　　,0,5,0,0,進化なし,0,？？？？？終,0,進化なし,0,？？？？？終,0,進化なし,0,？？？？？終,0,進化なし,0,？？？？？終,0,進化なし,0,？？？？？終,0,
84,ドードー終　,35,85,45,75,35,35,無,飛,190,96,4,0,アイテムなし,アイテムなし,127,20,70,0,4,4,にげあし終　　　,はやおき終　　　,50,5,0,0,普通にレベルアップ,31,ドードリオ終,0,進化なし,0,？？？？？終,0,進化なし,0,？？？？？終,0,進化なし,0,？？？？？終,0,進化なし,0,？？？？？終,0,
85,ドードリオ終,60,110,70,110,60,60,無,飛,45,158,8,0,アイテムなし,するどいくちばし,127,20,70,0,4,4,にげあし終　　　,はやおき終　　　,0,5,0,0,進化なし,0,？？？？？終,0,進化なし,0,？？？？？終,0,進化なし,0,？？？？？終,0,進化なし,0,？？？？？終,0,進化なし,0,？？？？？終,0,
86,パウワウ終　,65,45,55,45,45,70,水,水,190,100,0,4,ナナシのみ,アイテムなし,127,20,70,0,2,5,あついしぼう終　,ーーーーーーー終,0,8,0,0,普通にレベルアップ,34,ジュゴン終　,0,進化なし,0,？？？？？終,0,進化なし,0,？？？？？終,0,進化なし,0,？？？？？終,0,進化なし,0,？？？？？終,0,
87,ジュゴン終　,90,70,80,70,70,95,水,氷,75,176,0,8,ナナシのみ,とけないこおり,127,20,70,0,2,5,あついしぼう終　,ーーーーーーー終,0,8,0,0,進化なし,0,？？？？？終,0,進化なし,0,？？？？？終,0,進化なし,0,？？？？？終,0,進化なし,0,？？？？？終,0,進化なし,0,？？？？？終,0,
88,ベトベター終,80,80,50,25,40,50,毒,毒,190,90,1,0,アイテムなし,ヘドロアイス,127,20,70,0,11,11,あくしゅう終　　,ねんちゃく終　　,0,6,0,0,普通にレベルアップ,38,ベトベトン終,0,進化なし,0,？？？？？終,0,進化なし,0,？？？？？終,0,進化なし,0,？？？？？終,0,進化なし,0,？？？？？終,0,
89,ベトベトン終,105,105,75,50,65,100,毒,毒,75,157,5,0,アイテムなし,アイテムなし,127,20,70,0,11,11,あくしゅう終　　,ねんちゃく終　　,0,6,0,0,進化なし,0,？？？？？終,0,進化なし,0,？？？？？終,0,進化なし,0,？？？？？終,0,進化なし,0,？？？？？終,0,進化なし,0,？？？？？終,0,
90,シェルダー終,30,65,100,40,45,25,水,水,190,97,16,0,しんじゅ,おおきなしんじゅ,127,20,70,5,9,9,シェルアーマー終,ーーーーーーー終,0,6,0,0,アイテム使用,みずのいし,パルシェン終,0,進化なし,0,？？？？？終,0,進化なし,0,？？？？？終,0,進化なし,0,？？？？？終,0,進化なし,0,？？？？？終,0,
91,パルシェン終,50,95,180,70,85,45,水,氷,60,203,32,0,しんじゅ,おおきなしんじゅ,127,20,70,5,9,9,シェルアーマー終,ーーーーーーー終,0,6,0,0,進化なし,0,？？？？？終,0,進化なし,0,？？？？？終,0,進化なし,0,？？？？？終,0,進化なし,0,？？？？？終,0,進化なし,0,？？？？？終,0,
92,ゴース終　　,30,35,30,80,100,35,霊,毒,190,95,0,1,アイテムなし,ヘドロアイス,127,20,70,3,11,11,ふゆう終　　　　,ポイズンミスト終,0,6,0,0,普通にレベルアップ,25,ゴースト終　,0,進化なし,0,？？？？？終,0,進化なし,0,？？？？？終,0,進化なし,0,？？？？？終,0,進化なし,0,？？？？？終,0,
93,ゴースト終　,45,50,45,95,115,55,霊,毒,90,126,0,2,アイテムなし,のろいのおふだ,127,20,70,3,11,11,ふゆう終　　　　,ポイズンミスト終,0,6,0,0,通信交換,0,ゲンガー終　,0,進化なし,0,？？？？？終,0,進化なし,0,？？？？？終,0,進化なし,0,？？？？？終,0,進化なし,0,？？？？？終,0,
94,ゲンガー終　,60,65,60,110,130,75,霊,毒,45,190,0,3,アイテムなし,のろいのおふだ,127,20,70,3,11,11,ふゆう終　　　　,ふゆう終　　　　,0,6,0,0,進化なし,0,？？？？？終,0,進化なし,0,？？？？？終,0,進化なし,0,？？？？？終,0,進化なし,0,？？？？？終,0,進化なし,0,？？？？？終,0,
95,イワーク終　,35,45,160,70,30,45,岩,地,45,108,16,0,アイテムなし,かたいいし,127,25,70,0,10,10,いしあたま終　　,がんじょう終　　,0,7,0,0,特定のアイテムを持たせた状態で通信交換,メタルコート,ハガネール終,0,進化なし,0,？？？？？終,0,進化なし,0,？？？？？終,0,進化なし,0,？？？？？終,0,進化なし,0,？？？？？終,0,
96,スリープ終　,60,48,45,42,43,90,超,超,190,102,0,4,アイテムなし,アイテムなし,127,20,70,0,8,8,ふみん終　　　　,ーーーーーーー終,0,2,0,0,普通にレベルアップ,26,スリーパー終,0,進化なし,0,？？？？？終,0,進化なし,0,？？？？？終,0,進化なし,0,？？？？？終,0,進化なし,0,？？？？？終,0,
97,スリーパー終,85,73,70,67,73,115,超,超,75,165,0,8,アイテムなし,アイテムなし,127,20,70,0,8,8,ふみん終　　　　,ーーーーーーー終,0,2,0,0,進化なし,0,？？？？？終,0,進化なし,0,？？？？？終,0,進化なし,0,？？？？？終,0,進化なし,0,？？？？？終,0,進化なし,0,？？？？？終,0,
98,クラブ終　　,30,105,90,50,25,25,水,水,225,115,4,0,アイテムなし,アイテムなし,127,20,70,0,9,9,かいりきバサミ終,シェルアーマー終,0,0,0,0,普通にレベルアップ,28,キングラー終,0,進化なし,0,？？？？？終,0,進化なし,0,？？？？？終,0,進化なし,0,？？？？？終,0,進化なし,0,？？？？？終,0,
99,キングラー終,55,130,115,75,50,50,水,水,60,206,8,0,アイテムなし,アイテムなし,127,20,70,0,9,9,かいりきバサミ終,シェルアーマー終,0,128,0,0,進化なし,0,？？？？？終,0,進化なし,0,？？？？？終,0,進化なし,0,？？？？？終,0,進化なし,0,？？？？？終,0,進化なし,0,？？？？？終,0,
100,ビリリダマ終,40,30,50,100,55,55,電,電,190,103,64,0,アイテムなし,モンスターボール,255,20,70,0,10,10,ぼうおん終　　　,せいでんき終　　,0,0,0,0,普通にレベルアップ,30,マルマイン終,0,進化なし,0,？？？？？終,0,進化なし,0,？？？？？終,0,進化なし,0,？？？？？終,0,進化なし,0,？？？？？終,0,
101,マルマイン終,60,50,70,150,80,80,電,電,60,150,128,0,モンスターボール,スーパーボール,255,20,70,0,10,10,ぼうおん終　　　,せいでんき終　　,0,0,0,0,進化なし,0,？？？？？終,0,進化なし,0,？？？？？終,0,進化なし,0,？？？？？終,0,進化なし,0,？？？？？終,0,進化なし,0,？？？？？終,0,
102,タマタマ終　,60,40,80,40,60,45,草,超,90,98,16,0,アイテムなし,アイテムなし,127,20,70,5,7,7,ようりょくそ終　,ーーーーーーー終,75,9,0,0,アイテム使用,リーフのいし,ナッシー終　,0,進化なし,0,？？？？？終,0,進化なし,0,？？？？？終,0,進化なし,0,？？？？？終,0,進化なし,0,？？？？？終,0,
103,ナッシー終　,95,95,85,55,125,75,草,超,45,212,0,2,アイテムなし,アイテムなし,127,20,70,5,7,7,ようりょくそ終　,ーーーーーーー終,0,2,0,0,進化なし,0,？？？？？終,0,進化なし,0,？？？？？終,0,進化なし,0,？？？？？終,0,進化なし,0,？？？？？終,0,進化なし,0,？？？？？終,0,
104,カラカラ終　,50,50,95,35,40,50,地,地,190,87,16,0,アイテムなし,ふといホネ,127,20,70,0,1,1,いしあたま終　　,ひらいしん終　　,0,5,0,0,普通にレベルアップ,28,ガラガラ終　,0,進化なし,0,？？？？？終,0,進化なし,0,？？？？？終,0,進化なし,0,？？？？？終,0,進化なし,0,？？？？？終,0,
105,ガラガラ終　,60,80,110,45,50,80,地,地,75,124,32,0,アイテムなし,ふといホネ,127,20,70,0,1,1,いしあたま終　　,ひらいしん終　　,0,5,0,0,進化なし,0,？？？？？終,0,進化なし,0,？？？？？終,0,進化なし,0,？？？？？終,0,進化なし,0,？？？？？終,0,進化なし,0,？？？？？終,0,
106,サワムラー終,50,120,53,87,35,110,闘,闘,45,139,8,0,アイテムなし,アイテムなし,0,25,70,0,8,8,じゅうなん終　　,じゅうなん終　　,0,5,0,0,進化なし,0,？？？？？終,0,進化なし,0,？？？？？終,0,進化なし,0,？？？？？終,0,進化なし,0,？？？？？終,0,進化なし,0,？？？？？終,0,
107,エビワラー終,50,105,79,76,35,110,闘,闘,45,140,0,8,アイテムなし,アイテムなし,0,25,70,0,8,8,するどいめ終　　,するどいめ終　　,0,5,0,0,進化なし,0,？？？？？終,0,進化なし,0,？？？？？終,0,進化なし,0,？？？？？終,0,進化なし,0,？？？？？終,0,進化なし,0,？？？？？終,0,
108,ベロリンガ終,90,55,75,30,60,75,無,無,45,127,2,0,アイテムなし,アイテムなし,127,20,70,0,1,1,マイペース終　　,どんかん終　　　,0,9,0,0,進化なし,0,？？？？？終,0,進化なし,0,？？？？？終,0,進化なし,0,？？？？？終,0,進化なし,0,？？？？？終,0,進化なし,0,？？？？？終,0,
109,ドガース終　,40,65,95,35,60,45,毒,毒,190,114,16,0,アイテムなし,アイテムなし,127,20,70,0,11,11,ふゆう終　　　　,ポイズンミスト終,0,6,0,0,普通にレベルアップ,35,マタドガス終,0,進化なし,0,？？？？？終,0,進化なし,0,？？？？？終,0,進化なし,0,？？？？？終,0,進化なし,0,？？？？？終,0,
110,マタドガス終,65,90,120,60,85,70,毒,毒,60,173,32,0,アイテムなし,アイテムなし,127,20,70,0,11,11,ふゆう終　　　　,ポイズンミスト終,0,6,0,0,進化なし,0,？？？？？終,0,進化なし,0,？？？？？終,0,進化なし,0,？？？？？終,0,進化なし,0,？？？？？終,0,進化なし,0,？？？？？終,0,
111,サイホーン終,80,85,95,25,30,30,地,岩,120,135,16,0,アイテムなし,アイテムなし,127,20,70,5,1,5,ひらいしん終　　,いしあたま終　　,75,7,0,0,普通にレベルアップ,42,サイドン終　,0,進化なし,0,？？？？？終,0,進化なし,0,？？？？？終,0,進化なし,0,？？？？？終,0,進化なし,0,？？？？？終,0,
112,サイドン終　,105,130,120,40,45,45,地,岩,60,204,8,0,アイテムなし,アイテムなし,127,20,70,5,1,5,ひらいしん終　　,いしあたま終　　,0,7,0,0,進化なし,0,？？？？？終,0,進化なし,0,？？？？？終,0,進化なし,0,？？？？？終,0,進化なし,0,？？？？？終,0,進化なし,0,？？？？？終,0,
113,ラッキー終　,250,5,5,50,35,105,無,無,30,255,2,0,アイテムなし,しあわせタマゴ,254,40,140,4,6,6,しぜんかいふく終,てんのめぐみ終　,125,9,0,0,懐き度220以上でレベルアップ,0,ハピナス終　,0,進化なし,0,？？？？？終,0,進化なし,0,？？？？？終,0,進化なし,0,？？？？？終,0,進化なし,0,？？？？？終,0,
114,モンジャラ終,65,55,115,60,100,40,草,草,45,166,16,0,アイテムなし,アイテムなし,127,20,70,0,7,7,ようりょくそ終　,ーーーーーーー終,0,1,0,0,進化なし,0,？？？？？終,0,進化なし,0,？？？？？終,0,進化なし,0,？？？？？終,0,進化なし,0,？？？？？終,0,進化なし,0,？？？？？終,0,
115,ガルーラ終　,105,95,80,90,40,80,無,無,45,175,2,0,アイテムなし,アイテムなし,254,20,70,0,1,1,はやおき終　　　,ーーーーーーー終,125,5,0,0,進化なし,0,？？？？？終,0,進化なし,0,？？？？？終,0,進化なし,0,？？？？？終,0,進化なし,0,？？？？？終,0,進化なし,0,？？？？？終,0,
116,タッツー終　,30,40,70,60,70,25,水,水,225,83,0,1,アイテムなし,アイテムなし,127,20,70,0,2,14,すいすい終　　　,ーーーーーーー終,0,1,0,0,普通にレベルアップ,32,シードラ終　,0,進化なし,0,？？？？？終,0,進化なし,0,？？？？？終,0,進化なし,0,？？？？？終,0,進化なし,0,？？？？？終,0,
117,シードラ終　,55,65,95,85,95,45,水,水,75,155,16,1,アイテムなし,アイテムなし,127,20,70,0,2,14,どくのトゲ終　　,ーーーーーーー終,0,1,0,0,特定のアイテムを持たせた状態で通信交換,りゅうのウロコ,キングドラ終,0,進化なし,0,？？？？？終,0,進化なし,0,？？？？？終,0,進化なし,0,？？？？？終,0,進化なし,0,？？？？？終,0,
118,トサキント終,45,67,60,63,35,50,水,水,225,111,4,0,アイテムなし,アイテムなし,127,20,70,0,12,12,すいすい終　　　,みずのベール終　,50,0,0,0,普通にレベルアップ,33,アズマオウ終,0,進化なし,0,？？？？？終,0,進化なし,0,？？？？？終,0,進化なし,0,？？？？？終,0,進化なし,0,？？？？？終,0,
119,アズマオウ終,80,92,65,68,65,80,水,水,60,170,8,0,アイテムなし,アイテムなし,127,20,70,0,12,12,すいすい終　　　,みずのベール終　,75,0,0,0,進化なし,0,？？？？？終,0,進化なし,0,？？？？？終,0,進化なし,0,？？？？？終,0,進化なし,0,？？？？？終,0,進化なし,0,？？？？？終,0,
120,ヒトデマン終,30,45,55,85,70,55,水,水,225,106,64,0,ほしのすな,ほしのかけら,255,20,70,5,9,9,はっこう終　　　,しぜんかいふく終,0,5,0,0,アイテム使用,みずのいし,スターミー終,0,進化なし,0,？？？？？終,0,進化なし,0,？？？？？終,0,進化なし,0,？？？？？終,0,進化なし,0,？？？？？終,0,
121,スターミー終,60,75,85,115,100,85,水,超,60,207,128,0,ほしのすな,ほしのかけら,255,20,70,5,9,9,はっこう終　　　,しぜんかいふく終,0,6,0,0,進化なし,0,？？？？？終,0,進化なし,0,？？？？？終,0,進化なし,0,？？？？？終,0,進化なし,0,？？？？？終,0,進化なし,0,？？？？？終,0,
122,バリヤード終,40,45,65,90,100,120,妖,超,45,136,0,8,アイテムなし,アイテムなし,127,25,70,0,8,8,ぼうおん終　　　,テクニシャン終　,0,9,0,0,進化なし,0,？？？？？終,0,進化なし,0,？？？？？終,0,進化なし,0,？？？？？終,0,進化なし,0,？？？？？終,0,進化なし,0,？？？？？終,0,
123,ストライク終,70,110,80,105,55,80,虫,飛,45,187,4,0,アイテムなし,アイテムなし,127,25,70,0,3,3,むしのしらせ終　,テクニシャン終　,125,3,0,0,特定のアイテムを持たせた状態で通信交換,メタルコート,ハッサム終　,0,進化なし,0,？？？？？終,0,進化なし,0,？？？？？終,0,進化なし,0,？？？？？終,0,進化なし,0,？？？？？終,0,
124,ルージュラ終,65,50,35,95,115,95,氷,超,45,137,0,2,アイテムなし,アイテムなし,254,25,70,0,8,8,どんかん終　　　,ーーーーーーー終,0,0,0,0,進化なし,0,？？？？？終,0,進化なし,0,？？？？？終,0,進化なし,0,？？？？？終,0,進化なし,0,？？？？？終,0,進化なし,0,？？？？？終,0,
125,エレブー終　,65,83,57,105,95,85,電,電,45,156,128,0,アイテムなし,アイテムなし,63,25,70,0,8,8,せいでんき終　　,ーーーーーーー終,0,130,0,0,進化なし,0,？？？？？終,0,進化なし,0,？？？？？終,0,進化なし,0,？？？？？終,0,進化なし,0,？？？？？終,0,進化なし,0,？？？？？終,0,
126,ブーバー終　,65,95,57,93,100,85,炎,炎,45,167,0,2,アイテムなし,アイテムなし,63,25,70,0,8,8,ほのおのからだ終,ーーーーーーー終,0,0,0,0,進化なし,0,？？？？？終,0,進化なし,0,？？？？？終,0,進化なし,0,？？？？？終,0,進化なし,0,？？？？？終,0,進化なし,0,？？？？？終,0,
127,カイロス終　,65,125,100,85,55,70,虫,虫,45,200,8,0,アイテムなし,アイテムなし,127,25,70,5,3,3,かいりきバサミ終,じしんかじょう終,125,5,0,0,進化なし,0,？？？？？終,0,進化なし,0,？？？？？終,0,進化なし,0,？？？？？終,0,進化なし,0,？？？？？終,0,進化なし,0,？？？？？終,0,
128,ケンタロス終,75,100,95,110,40,70,無,無,45,211,68,0,アイテムなし,アイテムなし,0,20,70,5,5,5,いかく終　　　　,ーーーーーーー終,125,5,0,0,進化なし,0,？？？？？終,0,進化なし,0,？？？？？終,0,進化なし,0,？？？？？終,0,進化なし,0,？？？？？終,0,進化なし,0,？？？？？終,0,
129,コイキング終,20,10,55,80,15,20,水,水,255,20,64,0,アイテムなし,おうじゃのしるし,127,5,70,5,12,14,すいすい終　　　,ーーーーーーー終,25,0,0,0,普通にレベルアップ,20,ギャラドス終,0,進化なし,0,？？？？？終,0,進化なし,0,？？？？？終,0,進化なし,0,？？？？？終,0,進化なし,0,？？？？？終,0,
130,ギャラドス終,95,125,79,81,60,100,水,飛,45,214,8,0,アイテムなし,アイテムなし,127,5,70,5,12,14,いかく終　　　　,じしんかじょう終,0,1,0,0,進化なし,0,？？？？？終,0,進化なし,0,？？？？？終,0,進化なし,0,？？？？？終,0,進化なし,0,？？？？？終,0,進化なし,0,？？？？？終,0,
131,ラプラス終　,130,85,80,60,85,95,水,氷,45,219,2,0,アイテムなし,アイテムなし,127,40,70,5,1,2,ちょすい終　　　,シェルアーマー終,0,1,0,0,進化なし,0,？？？？？終,0,進化なし,0,？？？？？終,0,進化なし,0,？？？？？終,0,進化なし,0,？？？？？終,0,進化なし,0,？？？？？終,0,
132,メタモン終　,48,48,48,48,48,48,無,無,35,61,1,0,アイテムなし,メタルパウダー,255,20,70,0,13,13,じゅうなん終　　,へんしょく終　　,0,6,0,0,進化なし,0,？？？？？終,0,進化なし,0,？？？？？終,0,進化なし,0,？？？？？終,0,進化なし,0,？？？？？終,0,進化なし,0,？？？？？終,0,
133,イーブイ終　,55,55,50,55,45,65,無,無,45,92,0,4,アイテムなし,アイテムなし,31,35,70,0,5,5,にげあし終　　　,ーーーーーーー終,0,5,0,0,アイテム使用,かみなりのいし,サンダース終,0,アイテム使用,みずのいし,シャワーズ終,0,アイテム使用,ほのおのいし,ブースター終,0,懐き度220以上で午後にレベルアップ,0,エーフィ終　,0,懐き度220以上で午前にレベルアップ,0,ブラッキー終,0,
134,シャワーズ終,130,65,60,65,110,95,水,水,45,196,2,0,アイテムなし,アイテムなし,31,35,70,0,5,5,ちょすい終　　　,ーーーーーーー終,0,1,0,0,進化なし,0,？？？？？終,0,進化なし,0,？？？？？終,0,進化なし,0,？？？？？終,0,進化なし,0,？？？？？終,0,進化なし,0,？？？？？終,0,
135,サンダース終,65,65,60,130,110,95,電,電,45,197,128,0,アイテムなし,アイテムなし,31,35,70,0,5,5,ちくでん終　　　,ーーーーーーー終,0,2,0,0,進化なし,0,？？？？？終,0,進化なし,0,？？？？？終,0,進化なし,0,？？？？？終,0,進化なし,0,？？？？？終,0,進化なし,0,？？？？？終,0,
136,ブースター終,65,130,60,65,95,110,炎,炎,45,198,8,0,アイテムなし,アイテムなし,31,35,70,0,5,5,もらいび終　　　,ーーーーーーー終,0,0,0,0,進化なし,0,？？？？？終,0,進化なし,0,？？？？？終,0,進化なし,0,？？？？？終,0,進化なし,0,？？？？？終,0,進化なし,0,？？？？？終,0,
137,ポリゴン終　,65,60,70,40,85,75,無,無,45,130,0,1,アイテムなし,アイテムなし,255,20,70,0,10,10,トレース終　　　,ーーーーーーー終,0,9,0,0,特定のアイテムを持たせた状態で通信交換,アップグレード,ポリゴン２終,0,進化なし,0,？？？？？終,0,進化なし,0,？？？？？終,0,進化なし,0,？？？？？終,0,進化なし,0,？？？？？終,0,
138,オムナイト終,35,40,100,35,90,55,岩,水,45,120,16,0,アイテムなし,アイテムなし,31,30,70,0,2,9,すいすい終　　　,シェルアーマー終,0,1,0,0,普通にレベルアップ,40,オムスター終,0,進化なし,0,？？？？？終,0,進化なし,0,？？？？？終,0,進化なし,0,？？？？？終,0,進化なし,0,？？？？？終,0,
139,オムスター終,70,60,125,55,115,70,岩,水,45,199,32,0,アイテムなし,アイテムなし,31,30,70,0,2,9,すいすい終　　　,シェルアーマー終,0,1,0,0,進化なし,0,？？？？？終,0,進化なし,0,？？？？？終,0,進化なし,0,？？？？？終,0,進化なし,0,？？？？？終,0,進化なし,0,？？？？？終,0,
140,カブト終　　,30,80,90,55,55,45,岩,水,45,119,16,0,アイテムなし,アイテムなし,31,30,70,0,2,9,すいすい終　　　,カブトアーマー終,0,5,0,0,普通にレベルアップ,40,カブトプス終,0,進化なし,0,？？？？？終,0,進化なし,0,？？？？？終,0,進化なし,0,？？？？？終,0,進化なし,0,？？？？？終,0,
141,カブトプス終,60,115,105,80,65,70,岩,水,45,201,8,0,アイテムなし,アイテムなし,31,30,70,0,2,9,すいすい終　　　,カブトアーマー終,0,5,0,0,進化なし,0,？？？？？終,0,進化なし,0,？？？？？終,0,進化なし,0,？？？？？終,0,進化なし,0,？？？？？終,0,進化なし,0,？？？？？終,0,
142,プテラ終　　,80,105,65,130,60,75,岩,飛,45,202,128,0,アイテムなし,アイテムなし,31,35,70,5,4,4,いしあたま終　　,プレッシャー終　,0,6,0,0,進化なし,0,？？？？？終,0,進化なし,0,？？？？？終,0,進化なし,0,？？？？？終,0,進化なし,0,？？？？？終,0,進化なし,0,？？？？？終,0,
143,カビゴン終　,160,110,65,30,65,110,無,無,25,154,2,0,カゴのみ,カゴのみ,31,40,70,5,1,1,めんえき終　　　,あついしぼう終　,0,4,0,0,進化なし,0,？？？？？終,0,進化なし,0,？？？？？終,0,進化なし,0,？？？？？終,0,進化なし,0,？？？？？終,0,進化なし,0,？？？？？終,0,
144,フリーザー終,90,85,100,85,95,125,氷,飛,3,215,0,12,アイテムなし,アイテムなし,255,80,35,5,15,15,プレッシャー終　,ーーーーーーー終,0,1,0,0,進化なし,0,？？？？？終,0,進化なし,0,？？？？？終,0,進化なし,0,？？？？？終,0,進化なし,0,？？？？？終,0,進化なし,0,？？？？？終,0,
145,サンダー終　,90,90,85,100,125,90,電,飛,3,216,0,3,アイテムなし,アイテムなし,255,80,35,5,15,15,プレッシャー終　,ーーーーーーー終,0,2,0,0,進化なし,0,？？？？？終,0,進化なし,0,？？？？？終,0,進化なし,0,？？？？？終,0,進化なし,0,？？？？？終,0,進化なし,0,？？？？？終,0,
146,ファイヤー終,90,100,90,90,125,85,炎,飛,3,217,0,3,アイテムなし,アイテムなし,255,80,35,5,15,15,プレッシャー終　,ーーーーーーー終,0,2,0,0,進化なし,0,？？？？？終,0,進化なし,0,？？？？？終,0,進化なし,0,？？？？？終,0,進化なし,0,？？？？？終,0,進化なし,0,？？？？？終,0,
147,ミニリュウ終,41,64,45,50,50,50,竜,竜,45,67,4,0,アイテムなし,アイテムなし,127,40,35,5,2,14,だっぴ終　　　　,ーーーーーーー終,100,1,0,0,普通にレベルアップ,30,ハクリュー終,0,進化なし,0,？？？？？終,0,進化なし,0,？？？？？終,0,進化なし,0,？？？？？終,0,進化なし,0,？？？？？終,0,
148,ハクリュー終,61,84,65,70,70,70,竜,竜,45,144,8,0,アイテムなし,りゅうのキバ,127,40,35,5,2,14,だっぴ終　　　　,ーーーーーーー終,125,1,0,0,普通にレベルアップ,55,カイリュー終,0,進化なし,0,？？？？？終,0,進化なし,0,？？？？？終,0,進化なし,0,？？？？？終,0,進化なし,0,？？？？？終,0,
149,カイリュー終,91,134,95,80,100,100,竜,飛,45,218,12,0,アイテムなし,りゅうのキバ,127,40,35,5,2,14,せいしんりょく終,ーーーーーーー終,0,5,0,0,進化なし,0,？？？？？終,0,進化なし,0,？？？？？終,0,進化なし,0,？？？？？終,0,進化なし,0,？？？？？終,0,進化なし,0,？？？？？終,0,
150,ミュウツー終,106,110,90,130,154,90,超,超,3,220,0,3,アイテムなし,アイテムなし,255,120,0,5,15,15,プレッシャー終　,ーーーーーーー終,0,6,0,0,進化なし,0,？？？？？終,0,進化なし,0,？？？？？終,0,進化なし,0,？？？？？終,0,進化なし,0,？？？？？終,0,進化なし,0,？？？？？終,0,
151,ミュウ終　　,100,100,100,100,100,100,超,超,15,64,3,0,アイテムなし,アイテムなし,255,120,100,3,15,15,シンクロ終　　　,ーーーーーーー終,0,9,0,0,進化なし,0,？？？？？終,0,進化なし,0,？？？？？終,0,進化なし,0,？？？？？終,0,進化なし,0,？？？？？終,0,進化なし,0,？？？？？終,0,
152,チコリータ終,45,49,65,45,49,65,草,草,45,64,0,4,ラムのみ,ラムのみ,31,20,70,3,1,7,しんりょく終　　,ーーーーーーー終,0,3,0,0,普通にレベルアップ,16,ベイリーフ終,0,進化なし,0,？？？？？終,0,進化なし,0,？？？？？終,0,進化なし,0,？？？？？終,0,進化なし,0,？？？？？終,0,
153,ベイリーフ終,60,62,80,60,63,80,草,草,45,141,16,4,アイテムなし,アイテムなし,31,20,70,3,1,7,しんりょく終　　,ーーーーーーー終,0,3,0,0,普通にレベルアップ,32,メガニウム終,0,進化なし,0,？？？？？終,0,進化なし,0,？？？？？終,0,進化なし,0,？？？？？終,0,進化なし,0,？？？？？終,0,
154,メガニウム終,80,82,100,80,83,100,草,草,45,208,16,8,アイテムなし,アイテムなし,31,20,70,3,1,7,しんりょく終　　,ーーーーーーー終,0,3,0,0,進化なし,0,？？？？？終,0,進化なし,0,？？？？？終,0,進化なし,0,？？？？？終,0,進化なし,0,？？？？？終,0,進化なし,0,？？？？？終,0,
155,ヒノアラシ終,39,52,43,65,60,50,炎,炎,45,65,64,0,アイテムなし,アイテムなし,31,20,70,3,5,5,もうか終　　　　,ーーーーーーー終,0,2,0,0,普通にレベルアップ,14,マグマラシ終,0,進化なし,0,？？？？？終,0,進化なし,0,？？？？？終,0,進化なし,0,？？？？？終,0,進化なし,0,？？？？？終,0,
156,マグマラシ終,58,64,58,80,80,65,炎,炎,45,142,64,1,アイテムなし,アイテムなし,31,20,70,3,5,5,もうか終　　　　,ーーーーーーー終,0,2,0,0,普通にレベルアップ,36,バクフーン終,0,進化なし,0,？？？？？終,0,進化なし,0,？？？？？終,0,進化なし,0,？？？？？終,0,進化なし,0,？？？？？終,0,
157,バクフーン終,78,84,78,100,109,85,炎,炎,45,209,0,3,アイテムなし,アイテムなし,31,20,70,3,5,5,もうか終　　　　,ーーーーーーー終,0,2,0,0,進化なし,0,？？？？？終,0,進化なし,0,？？？？？終,0,進化なし,0,？？？？？終,0,進化なし,0,？？？？？終,0,進化なし,0,？？？？？終,0,
158,ワニノコ終　,50,65,64,43,44,48,水,水,45,66,4,0,アイテムなし,アイテムなし,31,20,70,3,1,2,げきりゅう終　　,ーーーーーーー終,0,1,0,0,普通にレベルアップ,18,アリゲイツ終,0,進化なし,0,？？？？？終,0,進化なし,0,？？？？？終,0,進化なし,0,？？？？？終,0,進化なし,0,？？？？？終,0,
159,アリゲイツ終,65,80,80,58,59,63,水,水,45,143,20,0,アイテムなし,アイテムなし,31,20,70,3,1,2,げきりゅう終　　,ーーーーーーー終,0,129,0,0,普通にレベルアップ,30,オーダイル終,0,進化なし,0,？？？？？終,0,進化なし,0,？？？？？終,0,進化なし,0,？？？？？終,0,進化なし,0,？？？？？終,0,
160,オーダイル終,85,105,100,78,79,83,水,水,45,210,24,0,アイテムなし,アイテムなし,31,20,70,3,1,2,げきりゅう終　　,ーーーーーーー終,0,1,0,0,進化なし,0,？？？？？終,0,進化なし,0,？？？？？終,0,進化なし,0,？？？？？終,0,進化なし,0,？？？？？終,0,進化なし,0,？？？？？終,0,
161,オタチ終　　,35,46,34,20,35,45,無,無,255,57,4,0,アイテムなし,オレンのみ,127,15,70,0,5,5,にげあし終　　　,するどいめ終　　,0,5,0,0,普通にレベルアップ,15,オオタチ終　,0,進化なし,0,？？？？？終,0,進化なし,0,？？？？？終,0,進化なし,0,？？？？？終,0,進化なし,0,？？？？？終,0,
162,オオタチ終　,85,76,64,90,45,55,無,無,90,116,128,0,オレンのみ,オボンのみ,127,15,70,0,5,5,にげあし終　　　,するどいめ終　　,0,5,0,0,進化なし,0,？？？？？終,0,進化なし,0,？？？？？終,0,進化なし,0,？？？？？終,0,進化なし,0,？？？？？終,0,進化なし,0,？？？？？終,0,
163,ホーホー終　,60,30,30,50,36,56,無,飛,255,58,1,0,アイテムなし,アイテムなし,127,15,70,0,4,4,ふみん終　　　　,するどいめ終　　,0,5,0,0,普通にレベルアップ,20,ヨルノズク終,0,進化なし,0,？？？？？終,0,進化なし,0,？？？？？終,0,進化なし,0,？？？？？終,0,進化なし,0,？？？？？終,0,
164,ヨルノズク終,100,50,50,70,86,96,無,飛,90,162,2,0,アイテムなし,アイテムなし,127,15,70,0,4,4,ふみん終　　　　,するどいめ終　　,0,5,0,0,進化なし,0,？？？？？終,0,進化なし,0,？？？？？終,0,進化なし,0,？？？？？終,0,進化なし,0,？？？？？終,0,進化なし,0,？？？？？終,0,
165,レディバ終　,40,20,30,55,40,80,虫,飛,255,54,0,4,アイテムなし,アイテムなし,127,15,70,4,3,3,むしのしらせ終　,はやおき終　　　,0,0,0,0,普通にレベルアップ,18,レディアン終,0,進化なし,0,？？？？？終,0,進化なし,0,？？？？？終,0,進化なし,0,？？？？？終,0,進化なし,0,？？？？？終,0,
166,レディアン終,55,35,50,85,55,110,虫,飛,90,134,0,8,アイテムなし,アイテムなし,127,15,70,4,3,3,むしのしらせ終　,はやおき終　　　,0,0,0,0,進化なし,0,？？？？？終,0,進化なし,0,？？？？？終,0,進化なし,0,？？？？？終,0,進化なし,0,？？？？？終,0,進化なし,0,？？？？？終,0,
167,イトマル終　,40,60,40,30,40,40,虫,毒,255,54,4,0,アイテムなし,アイテムなし,127,15,70,4,3,3,むしのしらせ終　,ふみん終　　　　,0,3,0,0,普通にレベルアップ,22,アリアドス終,0,進化なし,0,？？？？？終,0,進化なし,0,？？？？？終,0,進化なし,0,？？？？？終,0,進化なし,0,？？？？？終,0,
168,アリアドス終,70,90,70,40,60,70,虫,毒,90,134,8,0,アイテムなし,アイテムなし,127,15,70,4,3,3,むしのしらせ終　,ふみん終　　　　,0,0,0,0,進化なし,0,？？？？？終,0,進化なし,0,？？？？？終,0,進化なし,0,？？？？？終,0,進化なし,0,？？？？？終,0,進化なし,0,？？？？？終,0,
169,クロバット終,85,90,80,130,70,80,毒,飛,90,204,192,0,アイテムなし,アイテムなし,127,15,70,0,4,4,せいしんりょく終,ーーーーーーー終,0,6,0,0,進化なし,0,？？？？？終,0,進化なし,0,？？？？？終,0,進化なし,0,？？？？？終,0,進化なし,0,？？？？？終,0,進化なし,0,？？？？？終,0,
170,チョンチー終,75,38,38,67,56,56,水,電,190,90,1,0,アイテムなし,きいろいかけら,127,20,70,5,12,12,ちくでん終　　　,はっこう終　　　,0,1,0,0,普通にレベルアップ,27,ランターン終,0,進化なし,0,？？？？？終,0,進化なし,0,？？？？？終,0,進化なし,0,？？？？？終,0,進化なし,0,？？？？？終,0,
171,ランターン終,125,58,58,67,76,76,水,電,75,156,2,0,アイテムなし,きいろいかけら,127,20,70,5,12,12,ちくでん終　　　,はっこう終　　　,0,1,0,0,進化なし,0,？？？？？終,0,進化なし,0,？？？？？終,0,進化なし,0,？？？？？終,0,進化なし,0,？？？？？終,0,進化なし,0,？？？？？終,0,
172,ピチュー終　,20,40,15,60,35,35,電,電,190,42,64,0,アイテムなし,アイテムなし,127,10,70,0,15,15,せいでんき終　　,ーーーーーーー終,0,2,0,0,懐き度220以上でレベルアップ,0,ピカチュウ終,0,進化なし,0,？？？？？終,0,進化なし,0,？？？？？終,0,進化なし,0,？？？？？終,0,進化なし,0,？？？？？終,0,
173,ピィ終　　　,50,25,28,15,45,55,妖,妖,150,37,0,4,アイテムなし,つきのいし,191,10,140,4,15,15,メロメロボディ終,ーーーーーーー終,0,9,0,0,懐き度220以上でレベルアップ,0,ピッピ終　　,0,進化なし,0,？？？？？終,0,進化なし,0,？？？？？終,0,進化なし,0,？？？？？終,0,進化なし,0,？？？？？終,0,
174,ププリン終　,90,30,15,15,40,20,妖,無,170,39,1,0,オレンのみ,アイテムなし,191,10,70,4,15,15,メロメロボディ終,ーーーーーーー終,0,137,0,0,懐き度220以上でレベルアップ,0,プリン終　　,0,進化なし,0,？？？？？終,0,進化なし,0,？？？？？終,0,進化なし,0,？？？？？終,0,進化なし,0,？？？？？終,0,
175,トゲピー終　,35,20,65,20,40,65,妖,妖,190,74,0,4,アイテムなし,アイテムなし,31,10,70,4,15,15,はりきり終　　　,てんのめぐみ終　,0,8,0,0,懐き度220以上でレベルアップ,0,トゲチック終,0,進化なし,0,？？？？？終,0,進化なし,0,？？？？？終,0,進化なし,0,？？？？？終,0,進化なし,0,？？？？？終,0,
176,トゲチック終,55,40,85,40,80,105,妖,飛,75,114,0,8,アイテムなし,アイテムなし,31,10,70,4,4,6,はりきり終　　　,てんのめぐみ終　,0,8,0,0,進化なし,0,？？？？？終,0,進化なし,0,？？？？？終,0,進化なし,0,？？？？？終,0,進化なし,0,？？？？？終,0,進化なし,0,？？？？？終,0,
177,ネイティ終　,40,50,45,70,70,45,超,飛,190,73,0,1,アイテムなし,アイテムなし,127,20,70,0,4,4,シンクロ終　　　,はやおき終　　　,0,3,0,0,普通にレベルアップ,25,ネイティオ終,0,進化なし,0,？？？？？終,0,進化なし,0,？？？？？終,0,進化なし,0,？？？？？終,0,進化なし,0,？？？？？終,0,
178,ネイティオ終,65,75,70,95,95,70,超,飛,75,171,64,1,アイテムなし,アイテムなし,127,20,70,0,4,4,シンクロ終　　　,はやおき終　　　,0,3,0,0,進化なし,0,？？？？？終,0,進化なし,0,？？？？？終,0,進化なし,0,？？？？？終,0,進化なし,0,？？？？？終,0,進化なし,0,？？？？？終,0,
179,メリープ終　,55,40,40,35,65,45,電,電,235,59,0,1,アイテムなし,アイテムなし,127,20,70,3,1,5,せいでんき終　　,ーーーーーーー終,0,8,0,0,普通にレベルアップ,15,モココ終　　,0,進化なし,0,？？？？？終,0,進化なし,0,？？？？？終,0,進化なし,0,？？？？？終,0,進化なし,0,？？？？？終,0,
180,モココ終　　,70,55,55,45,80,60,電,電,120,117,0,2,アイテムなし,アイテムなし,127,20,70,3,1,5,せいでんき終　　,ーーーーーーー終,0,9,0,0,普通にレベルアップ,30,デンリュウ終,0,進化なし,0,？？？？？終,0,進化なし,0,？？？？？終,0,進化なし,0,？？？？？終,0,進化なし,0,？？？？？終,0,
181,デンリュウ終,90,75,85,55,115,90,電,電,45,194,0,3,アイテムなし,アイテムなし,127,20,70,3,1,5,せいでんき終　　,ーーーーーーー終,0,2,0,0,進化なし,0,？？？？？終,0,進化なし,0,？？？？？終,0,進化なし,0,？？？？？終,0,進化なし,0,？？？？？終,0,進化なし,0,？？？？？終,0,
182,キレイハナ終,75,80,95,50,90,100,草,草,45,184,0,12,アイテムなし,アイテムなし,127,20,70,3,7,7,ようりょくそ終　,ーーーーーーー終,0,3,0,0,進化なし,0,？？？？？終,0,進化なし,0,？？？？？終,0,進化なし,0,？？？？？終,0,進化なし,0,？？？？？終,0,進化なし,0,？？？？？終,0,
183,マリル終　　,70,20,50,40,20,50,妖,水,190,58,2,0,アイテムなし,アイテムなし,127,10,70,4,2,6,あついしぼう終　,ちからもち終　　,0,1,0,0,普通にレベルアップ,18,マリルリ終　,0,進化なし,0,？？？？？終,0,進化なし,0,？？？？？終,0,進化なし,0,？？？？？終,0,進化なし,0,？？？？？終,0,
184,マリルリ終　,100,50,80,50,60,80,妖,水,75,153,3,0,アイテムなし,アイテムなし,127,10,70,4,2,6,あついしぼう終　,ちからもち終　　,0,1,0,0,進化なし,0,？？？？？終,0,進化なし,0,？？？？？終,0,進化なし,0,？？？？？終,0,進化なし,0,？？？？？終,0,進化なし,0,？？？？？終,0,
185,ウソッキー終,70,100,115,30,30,65,岩,岩,65,135,32,0,アイテムなし,アイテムなし,127,20,70,0,10,10,がんじょう終　　,いしあたま終　　,0,5,0,0,進化なし,0,？？？？？終,0,進化なし,0,？？？？？終,0,進化なし,0,？？？？？終,0,進化なし,0,？？？？？終,0,進化なし,0,？？？？？終,0,
186,ニョロトノ終,90,75,75,70,90,100,水,水,45,185,0,12,アイテムなし,おうじゃのしるし,127,20,70,3,2,2,しめりけ終　　　,あめふらし終　　,0,131,0,0,進化なし,0,？？？？？終,0,進化なし,0,？？？？？終,0,進化なし,0,？？？？？終,0,進化なし,0,？？？？？終,0,進化なし,0,？？？？？終,0,
187,ハネッコ終　,35,35,40,50,35,55,草,飛,255,74,0,4,アイテムなし,アイテムなし,127,20,70,3,6,7,ようりょくそ終　,ーーーーーーー終,0,9,0,0,普通にレベルアップ,18,ポポッコ終　,0,進化なし,0,？？？？？終,0,進化なし,0,？？？？？終,0,進化なし,0,？？？？？終,0,進化なし,0,？？？？？終,0,
188,ポポッコ終　,55,45,50,80,45,65,草,飛,120,136,128,0,アイテムなし,アイテムなし,127,20,70,3,6,7,ようりょくそ終　,ーーーーーーー終,0,3,0,0,普通にレベルアップ,27,ワタッコ終　,0,進化なし,0,？？？？？終,0,進化なし,0,？？？？？終,0,進化なし,0,？？？？？終,0,進化なし,0,？？？？？終,0,
189,ワタッコ終　,75,55,70,110,55,95,草,飛,45,176,192,0,アイテムなし,アイテムなし,127,20,70,3,6,7,ようりょくそ終　,ーーーーーーー終,0,1,0,0,進化なし,0,？？？？？終,0,進化なし,0,？？？？？終,0,進化なし,0,？？？？？終,0,進化なし,0,？？？？？終,0,進化なし,0,？？？？？終,0,
190,エイパム終　,55,70,55,85,40,55,無,無,45,94,64,0,アイテムなし,アイテムなし,127,20,70,4,5,5,にげあし終　　　,ものひろい終　　,0,6,0,0,進化なし,0,？？？？？終,0,進化なし,0,？？？？？終,0,進化なし,0,？？？？？終,0,進化なし,0,？？？？？終,0,進化なし,0,？？？？？終,0,
191,ヒマナッツ終,30,30,30,30,30,30,草,草,235,52,0,1,アイテムなし,アイテムなし,127,20,70,3,7,7,ようりょくそ終　,ーーーーーーー終,0,2,0,0,アイテム使用,たいようのいし,キマワリ終　,0,進化なし,0,？？？？？終,0,進化なし,0,？？？？？終,0,進化なし,0,？？？？？終,0,進化なし,0,？？？？？終,0,
192,キマワリ終　,75,75,55,30,105,85,草,草,120,146,0,2,アイテムなし,アイテムなし,127,20,70,3,7,7,ようりょくそ終　,ーーーーーーー終,0,2,0,0,進化なし,0,？？？？？終,0,進化なし,0,？？？？？終,0,進化なし,0,？？？？？終,0,進化なし,0,？？？？？終,0,進化なし,0,？？？？？終,0,
193,ヤンヤンマ終,65,65,45,95,75,45,虫,飛,75,147,64,0,アイテムなし,アイテムなし,127,20,70,0,3,3,かそく終　　　　,ふくがん終　　　,0,0,0,0,進化なし,0,？？？？？終,0,進化なし,0,？？？？？終,0,進化なし,0,？？？？？終,0,進化なし,0,？？？？？終,0,進化なし,0,？？？？？終,0,
194,ウパー終　　,55,45,45,15,25,25,水,地,255,52,1,0,アイテムなし,アイテムなし,127,20,70,0,2,5,しめりけ終　　　,ちょすい終　　　,0,1,0,0,普通にレベルアップ,20,ヌオー終　　,0,進化なし,0,？？？？？終,0,進化なし,0,？？？？？終,0,進化なし,0,？？？？？終,0,進化なし,0,？？？？？終,0,
195,ヌオー終　　,95,85,85,35,65,65,水,地,90,137,2,0,アイテムなし,アイテムなし,127,20,70,0,2,5,しめりけ終　　　,ちょすい終　　　,0,1,0,0,進化なし,0,？？？？？終,0,進化なし,0,？？？？？終,0,進化なし,0,？？？？？終,0,進化なし,0,？？？？？終,0,進化なし,0,？？？？？終,0,
196,エーフィ終　,65,65,60,110,130,95,超,超,45,197,0,2,アイテムなし,アイテムなし,31,35,70,0,5,5,シンクロ終　　　,ーーーーーーー終,0,6,0,0,進化なし,0,？？？？？終,0,進化なし,0,？？？？？終,0,進化なし,0,？？？？？終,0,進化なし,0,？？？？？終,0,進化なし,0,？？？？？終,0,
197,ブラッキー終,95,65,110,65,60,130,悪,悪,45,197,0,8,アイテムなし,アイテムなし,31,35,35,0,5,5,シンクロ終　　　,ーーーーーーー終,0,4,0,0,進化なし,0,？？？？？終,0,進化なし,0,？？？？？終,0,進化なし,0,？？？？？終,0,進化なし,0,？？？？？終,0,進化なし,0,？？？？？終,0,
198,ヤミカラス終,60,85,42,91,85,42,悪,飛,30,107,64,0,アイテムなし,アイテムなし,127,20,35,3,4,4,ふみん終　　　　,ーーーーーーー終,0,4,0,0,進化なし,0,？？？？？終,0,進化なし,0,？？？？？終,0,進化なし,0,？？？？？終,0,進化なし,0,？？？？？終,0,進化なし,0,？？？？？終,0,
199,ヤドキング終,95,75,80,30,100,110,水,超,70,164,0,12,アイテムなし,おうじゃのしるし,127,20,70,0,1,2,どんかん終　　　,マイペース終　　,0,9,0,0,進化なし,0,？？？？？終,0,進化なし,0,？？？？？終,0,進化なし,0,？？？？？終,0,進化なし,0,？？？？？終,0,進化なし,0,？？？？？終,0,
200,ムウマ終　　,60,60,60,85,85,85,霊,霊,45,147,0,4,アイテムなし,のろいのおふだ,127,25,35,4,11,11,ふゆう終　　　　,ーーーーーーー終,0,7,0,0,進化なし,0,？？？？？終,0,進化なし,0,？？？？？終,0,進化なし,0,？？？？？終,0,進化なし,0,？？？？？終,0,進化なし,0,？？？？？終,0,
201,アンノーン終,48,72,48,48,72,48,超,超,225,61,4,1,アイテムなし,アイテムなし,255,40,70,0,15,15,ふゆう終　　　　,ーーーーーーー終,0,132,0,0,進化なし,0,？？？？？終,0,進化なし,0,？？？？？終,0,進化なし,0,？？？？？終,0,進化なし,0,？？？？？終,0,進化なし,0,？？？？？終,0,
202,ソーナンス終,190,33,58,33,33,58,超,超,45,177,2,0,アイテムなし,アイテムなし,127,20,70,0,11,11,かげふみ終　　　,ーーーーーーー終,0,1,0,0,進化なし,0,？？？？？終,0,進化なし,0,？？？？？終,0,進化なし,0,？？？？？終,0,進化なし,0,？？？？？終,0,進化なし,0,？？？？？終,0,
203,キリンリキ終,70,80,65,85,90,65,無,超,60,149,0,2,アイテムなし,キーのみ,127,20,70,0,5,5,せいしんりょく終,はやおき終　　　,0,2,0,0,進化なし,0,？？？？？終,0,進化なし,0,？？？？？終,0,進化なし,0,？？？？？終,0,進化なし,0,？？？？？終,0,進化なし,0,？？？？？終,0,
204,クヌギダマ終,50,65,90,15,35,35,虫,虫,190,60,16,0,アイテムなし,アイテムなし,127,20,70,0,3,3,がんじょう終　　,ーーーーーーー終,0,7,0,0,普通にレベルアップ,31,フォレトス終,0,進化なし,0,？？？？？終,0,進化なし,0,？？？？？終,0,進化なし,0,？？？？？終,0,進化なし,0,？？？？？終,0,
205,フォレトス終,75,90,140,40,60,60,虫,鋼,75,118,32,0,アイテムなし,アイテムなし,127,20,70,0,3,3,がんじょう終　　,ーーーーーーー終,0,6,0,0,進化なし,0,？？？？？終,0,進化なし,0,？？？？？終,0,進化なし,0,？？？？？終,0,進化なし,0,？？？？？終,0,進化なし,0,？？？？？終,0,
206,ノコッチ終　,100,70,70,45,65,65,無,無,190,75,1,0,アイテムなし,アイテムなし,127,20,70,0,5,5,てんのめぐみ終　,にげあし終　　　,0,2,0,0,進化なし,0,？？？？？終,0,進化なし,0,？？？？？終,0,進化なし,0,？？？？？終,0,進化なし,0,？？？？？終,0,進化なし,0,？？？？？終,0,
207,グライガー終,65,75,105,85,35,65,地,飛,60,108,16,0,アイテムなし,アイテムなし,127,20,70,3,3,3,かいりきバサミ終,すながくれ終　　,0,6,0,0,進化なし,0,？？？？？終,0,進化なし,0,？？？？？終,0,進化なし,0,？？？？？終,0,進化なし,0,？？？？？終,0,進化なし,0,？？？？？終,0,
208,ハガネール終,75,85,200,30,55,65,鋼,地,25,196,32,0,アイテムなし,メタルコート,127,25,70,0,10,10,いしあたま終　　,がんじょう終　　,0,7,0,0,進化なし,0,？？？？？終,0,進化なし,0,？？？？？終,0,進化なし,0,？？？？？終,0,進化なし,0,？？？？？終,0,進化なし,0,？？？？？終,0,
209,ブルー終　　,60,80,50,30,40,40,妖,妖,190,63,4,0,アイテムなし,アイテムなし,191,20,70,4,5,6,いかく終　　　　,にげあし終　　　,0,9,0,0,普通にレベルアップ,23,グランブル終,0,進化なし,0,？？？？？終,0,進化なし,0,？？？？？終,0,進化なし,0,？？？？？終,0,進化なし,0,？？？？？終,0,
210,グランブル終,90,120,75,45,60,60,妖,妖,75,178,8,0,アイテムなし,アイテムなし,191,20,70,4,5,6,いかく終　　　　,いかく終　　　　,0,6,0,0,進化なし,0,？？？？？終,0,進化なし,0,？？？？？終,0,進化なし,0,？？？？？終,0,進化なし,0,？？？？？終,0,進化なし,0,？？？？？終,0,
211,ハリーセン終,65,95,85,85,55,55,水,毒,45,100,4,0,アイテムなし,アイテムなし,127,20,70,0,12,12,どくのトゲ終　　,すいすい終　　　,0,7,0,0,進化なし,0,？？？？？終,0,進化なし,0,？？？？？終,0,進化なし,0,？？？？？終,0,進化なし,0,？？？？？終,0,進化なし,0,？？？？？終,0,
212,ハッサム終　,70,130,100,65,55,80,虫,鋼,25,200,8,0,アイテムなし,アイテムなし,127,25,70,0,3,3,むしのしらせ終　,テクニシャン終　,0,0,0,0,進化なし,0,？？？？？終,0,進化なし,0,？？？？？終,0,進化なし,0,？？？？？終,0,進化なし,0,？？？？？終,0,進化なし,0,？？？？？終,0,
213,ツボツボ終　,20,10,230,5,10,230,虫,岩,190,80,16,4,きのみジュース,きのみジュース,127,20,70,3,3,3,がんじょう終　　,ーーーーーーー終,0,2,0,0,進化なし,0,？？？？？終,0,進化なし,0,？？？？？終,0,進化なし,0,？？？？？終,0,進化なし,0,？？？？？終,0,進化なし,0,？？？？？終,0,
214,へラクロス終,80,125,75,85,40,95,虫,闘,45,200,8,0,アイテムなし,アイテムなし,127,25,70,5,3,3,むしのしらせ終　,こんじょう終　　,0,1,0,0,進化なし,0,？？？？？終,0,進化なし,0,？？？？？終,0,進化なし,0,？？？？？終,0,進化なし,0,？？？？？終,0,進化なし,0,？？？？？終,0,
215,ニューラ終　,55,95,55,115,35,75,悪,氷,60,132,64,0,アイテムなし,アイテムなし,127,20,35,3,5,5,せいしんりょく終,するどいめ終　　,0,132,0,0,進化なし,0,？？？？？終,0,進化なし,0,？？？？？終,0,進化なし,0,？？？？？終,0,進化なし,0,？？？？？終,0,進化なし,0,？？？？？終,0,
216,ヒメグマ終　,60,80,50,40,50,50,無,無,120,124,4,0,オレンのみ,オボンのみ,127,20,70,0,5,5,ものひろい終　　,ーーーーーーー終,0,133,0,0,普通にレベルアップ,30,リングマ終　,0,進化なし,0,？？？？？終,0,進化なし,0,？？？？？終,0,進化なし,0,？？？？？終,0,進化なし,0,？？？？？終,0,
217,リングマ終　,90,130,75,55,75,75,無,無,60,189,8,0,オレンのみ,オボンのみ,127,20,70,0,5,5,こんじょう終　　,ーーーーーーー終,0,5,0,0,進化なし,0,？？？？？終,0,進化なし,0,？？？？？終,0,進化なし,0,？？？？？終,0,進化なし,0,？？？？？終,0,進化なし,0,？？？？？終,0,
218,マグマッグ終,40,40,40,20,70,40,炎,炎,190,78,0,1,アイテムなし,アイテムなし,127,20,70,0,11,11,マグマのよろい終,ほのおのからだ終,0,0,0,0,普通にレベルアップ,38,マグカルゴ終,0,進化なし,0,？？？？？終,0,進化なし,0,？？？？？終,0,進化なし,0,？？？？？終,0,進化なし,0,？？？？？終,0,
219,マグカルゴ終,60,50,120,30,90,80,炎,岩,75,154,32,0,アイテムなし,アイテムなし,127,20,70,0,11,11,マグマのよろい終,ほのおのからだ終,0,0,0,0,進化なし,0,？？？？？終,0,進化なし,0,？？？？？終,0,進化なし,0,？？？？？終,0,進化なし,0,？？？？？終,0,進化なし,0,？？？？？終,0,
220,ウリムー終　,50,50,40,50,30,30,氷,地,225,78,4,0,ナナシのみ,アイテムなし,127,20,70,5,5,5,どんかん終　　　,ーーーーーーー終,0,5,0,0,普通にレベルアップ,33,イノムー終　,0,進化なし,0,？？？？？終,0,進化なし,0,？？？？？終,0,進化なし,0,？？？？？終,0,進化なし,0,？？？？？終,0,
221,イノムー終　,100,100,80,50,60,60,氷,地,75,160,5,0,ナナシのみ,とけないこおり,127,20,70,5,5,5,どんかん終　　　,ーーーーーーー終,0,5,0,0,進化なし,0,？？？？？終,0,進化なし,0,？？？？？終,0,進化なし,0,？？？？？終,0,進化なし,0,？？？？？終,0,進化なし,0,？？？？？終,0,
222,サニーゴ終　,65,55,95,35,65,95,水,岩,60,113,16,4,アイテムなし,あかいかけら,191,20,70,4,2,9,はりきり終　　　,しぜんかいふく終,0,9,0,0,進化なし,0,？？？？？終,0,進化なし,0,？？？？？終,0,進化なし,0,？？？？？終,0,進化なし,0,？？？？？終,0,進化なし,0,？？？？？終,0,
223,テッポウオ終,35,65,35,65,65,35,水,水,190,78,0,1,アイテムなし,アイテムなし,127,20,70,0,2,12,はりきり終　　　,ーーーーーーー終,0,7,0,0,普通にレベルアップ,25,オクタン終　,0,進化なし,0,？？？？？終,0,進化なし,0,？？？？？終,0,進化なし,0,？？？？？終,0,進化なし,0,？？？？？終,0,
224,オクタン終　,75,105,75,45,105,75,水,水,75,164,4,1,アイテムなし,アイテムなし,127,20,70,0,2,12,きゅうばん終　　,ーーーーーーー終,0,0,0,0,進化なし,0,？？？？？終,0,進化なし,0,？？？？？終,0,進化なし,0,？？？？？終,0,進化なし,0,？？？？？終,0,進化なし,0,？？？？？終,0,
225,デリバード終,45,55,45,75,65,45,氷,飛,45,183,64,0,アイテムなし,アイテムなし,127,20,70,4,2,5,ちからもち終　　,はりきり終　　　,0,0,0,0,進化なし,0,？？？？？終,0,進化なし,0,？？？？？終,0,進化なし,0,？？？？？終,0,進化なし,0,？？？？？終,0,進化なし,0,？？？？？終,0,
226,マンタイン終,85,40,70,70,80,140,水,飛,25,168,0,8,アイテムなし,アイテムなし,127,25,70,5,2,2,すいすい終　　　,ちょすい終　　　,0,6,0,0,進化なし,0,？？？？？終,0,進化なし,0,？？？？？終,0,進化なし,0,？？？？？終,0,進化なし,0,？？？？？終,0,進化なし,0,？？？？？終,0,
227,エアームド終,65,80,140,70,40,70,鋼,飛,25,168,32,0,アイテムなし,するどいくちばし,127,25,70,5,4,4,するどいめ終　　,がんじょう終　　,0,7,0,0,進化なし,0,？？？？？終,0,進化なし,0,？？？？？終,0,進化なし,0,？？？？？終,0,進化なし,0,？？？？？終,0,進化なし,0,？？？？？終,0,
228,デルビル終　,45,60,30,65,80,50,悪,炎,120,114,0,1,アイテムなし,アイテムなし,127,20,35,5,5,5,はやおき終　　　,もらいび終　　　,0,4,0,0,普通にレベルアップ,24,へルガー終　,0,進化なし,0,？？？？？終,0,進化なし,0,？？？？？終,0,進化なし,0,？？？？？終,0,進化なし,0,？？？？？終,0,
229,へルガー終　,75,90,50,95,110,80,悪,炎,45,204,0,2,アイテムなし,アイテムなし,127,20,35,5,5,5,はやおき終　　　,もらいび終　　　,0,4,0,0,進化なし,0,？？？？？終,0,進化なし,0,？？？？？終,0,進化なし,0,？？？？？終,0,進化なし,0,？？？？？終,0,進化なし,0,？？？？？終,0,
230,キングドラ終,75,95,95,85,95,95,水,竜,45,207,4,5,アイテムなし,りゅうのウロコ,127,20,70,0,2,14,すいすい終　　　,ーーーーーーー終,0,1,0,0,進化なし,0,？？？？？終,0,進化なし,0,？？？？？終,0,進化なし,0,？？？？？終,0,進化なし,0,？？？？？終,0,進化なし,0,？？？？？終,0,
231,ゴマゾウ終　,90,60,60,40,40,40,地,地,120,124,1,0,アイテムなし,アイテムなし,127,20,70,0,5,5,ものひろい終　　,ーーーーーーー終,0,1,0,0,普通にレベルアップ,25,ドンファン終,0,進化なし,0,？？？？？終,0,進化なし,0,？？？？？終,0,進化なし,0,？？？？？終,0,進化なし,0,？？？？？終,0,
232,ドンファン終,90,120,120,50,60,60,地,地,60,189,20,0,アイテムなし,アイテムなし,127,20,70,0,5,5,がんじょう終　　,ーーーーーーー終,0,7,0,0,進化なし,0,？？？？？終,0,進化なし,0,？？？？？終,0,進化なし,0,？？？？？終,0,進化なし,0,？？？？？終,0,進化なし,0,？？？？？終,0,
233,ポリゴン２終,85,80,90,60,105,95,無,無,45,180,0,2,アップグレード,アップグレード,255,20,70,0,10,10,トレース終　　　,ーーーーーーー終,0,0,0,0,進化なし,0,？？？？？終,0,進化なし,0,？？？？？終,0,進化なし,0,？？？？？終,0,進化なし,0,？？？？？終,0,進化なし,0,？？？？？終,0,
234,オドシシ終　,73,95,62,85,85,65,無,無,45,165,4,0,アイテムなし,アイテムなし,127,20,70,5,5,5,いかく終　　　　,ーーーーーーー終,0,5,0,0,進化なし,0,？？？？？終,0,進化なし,0,？？？？？終,0,進化なし,0,？？？？？終,0,進化なし,0,？？？？？終,0,進化なし,0,？？？？？終,0,
235,ドーブル終　,55,20,35,75,20,45,無,無,45,106,64,0,アイテムなし,アイテムなし,127,20,70,4,5,5,マイペース終　　,テクニシャン終　,0,8,0,0,進化なし,0,？？？？？終,0,進化なし,0,？？？？？終,0,進化なし,0,？？？？？終,0,進化なし,0,？？？？？終,0,進化なし,0,？？？？？終,0,
236,バルキー終　,35,35,35,35,35,35,闘,闘,75,91,4,0,アイテムなし,アイテムなし,0,25,70,0,15,15,こんじょう終　　,ふくつのこころ終,0,6,0,0,レベルアップ時攻撃＜防御,20,エビワラー終,0,レベルアップ時攻撃＞防御,20,サワムラー終,0,レベルアップ時攻撃＝防御,20,カポエラー終,0,進化なし,0,？？？？？終,0,進化なし,0,？？？？？終,0,
237,カポエラー終,50,95,95,70,35,110,闘,闘,45,138,0,8,アイテムなし,アイテムなし,0,25,70,0,8,8,いかく終　　　　,テクニシャン終　,0,5,0,0,進化なし,0,？？？？？終,0,進化なし,0,？？？？？終,0,進化なし,0,？？？？？終,0,進化なし,0,？？？？？終,0,進化なし,0,？？？？？終,0,
238,ムチュール終,45,30,15,65,85,65,氷,超,45,87,0,1,アイテムなし,アイテムなし,254,25,70,0,15,15,どんかん終　　　,ーーーーーーー終,0,9,0,0,普通にレベルアップ,30,ルージュラ終,0,進化なし,0,？？？？？終,0,進化なし,0,？？？？？終,0,進化なし,0,？？？？？終,0,進化なし,0,？？？？？終,0,
239,エレキッド終,45,63,37,95,65,55,電,電,45,106,64,0,アイテムなし,アイテムなし,63,25,70,0,15,15,せいでんき終　　,ーーーーーーー終,0,130,0,0,普通にレベルアップ,30,エレブー終　,0,進化なし,0,？？？？？終,0,進化なし,0,？？？？？終,0,進化なし,0,？？？？？終,0,進化なし,0,？？？？？終,0,
240,ブビィ終　　,45,75,37,83,70,55,炎,炎,45,117,64,0,アイテムなし,アイテムなし,63,25,70,0,15,15,ほのおのからだ終,ーーーーーーー終,0,0,0,0,普通にレベルアップ,30,ブーバー終　,0,進化なし,0,？？？？？終,0,進化なし,0,？？？？？終,0,進化なし,0,？？？？？終,0,進化なし,0,？？？？？終,0,
241,ミルタンク終,95,80,105,100,40,70,無,無,45,200,32,0,モーモーミルク,モーモーミルク,254,20,70,5,5,5,あついしぼう終　,ーーーーーーー終,0,9,0,0,進化なし,0,？？？？？終,0,進化なし,0,？？？？？終,0,進化なし,0,？？？？？終,0,進化なし,0,？？？？？終,0,進化なし,0,？？？？？終,0,
242,ハピナス終　,255,10,10,55,75,135,無,無,30,255,3,0,しあわせタマゴ,ミラクルタマゴ,254,40,140,4,6,6,しぜんかいふく終,てんのめぐみ終　,0,9,0,0,進化なし,0,？？？？？終,0,進化なし,0,？？？？？終,0,進化なし,0,？？？？？終,0,進化なし,0,？？？？？終,0,進化なし,0,？？？？？終,0,
243,ライコウ終　,90,85,75,115,115,100,電,電,3,216,128,1,アイテムなし,アイテムなし,255,80,35,5,15,15,プレッシャー終　,せいしんりょく終,0,2,0,0,進化なし,0,？？？？？終,0,進化なし,0,？？？？？終,0,進化なし,0,？？？？？終,0,進化なし,0,？？？？？終,0,進化なし,0,？？？？？終,0,
244,エンテイ終　,115,115,85,100,90,75,炎,炎,3,217,9,0,アイテムなし,アイテムなし,255,80,35,5,15,15,プレッシャー終　,せいしんりょく終,0,5,0,0,進化なし,0,？？？？？終,0,進化なし,0,？？？？？終,0,進化なし,0,？？？？？終,0,進化なし,0,？？？？？終,0,進化なし,0,？？？？？終,0,
245,スイクン終　,100,75,115,85,90,115,水,水,3,215,16,8,アイテムなし,アイテムなし,255,80,35,5,15,15,プレッシャー終　,せいしんりょく終,0,1,0,0,進化なし,0,？？？？？終,0,進化なし,0,？？？？？終,0,進化なし,0,？？？？？終,0,進化なし,0,？？？？？終,0,進化なし,0,？？？？？終,0,
246,ヨーギラス終,50,64,50,41,45,50,岩,地,45,67,4,0,アイテムなし,アイテムなし,127,40,35,5,1,1,こんじょう終　　,ーーーーーーー終,0,3,0,0,普通にレベルアップ,30,サナギラス終,0,進化なし,0,？？？？？終,0,進化なし,0,？？？？？終,0,進化なし,0,？？？？？終,0,進化なし,0,？？？？？終,0,
247,サナギラス終,70,84,70,51,65,70,岩,地,45,144,8,0,アイテムなし,アイテムなし,127,40,35,5,1,1,だっぴ終　　　　,ーーーーーーー終,0,7,0,0,普通にレベルアップ,55,バンギラス終,0,進化なし,0,？？？？？終,0,進化なし,0,？？？？？終,0,進化なし,0,？？？？？終,0,進化なし,0,？？？？？終,0,
248,バンギラス終,100,134,110,61,95,100,岩,悪,45,218,12,0,アイテムなし,アイテムなし,127,40,35,5,1,1,すなおこし終　　,ーーーーーーー終,0,3,0,0,進化なし,0,？？？？？終,0,進化なし,0,？？？？？終,0,進化なし,0,？？？？？終,0,進化なし,0,？？？？？終,0,進化なし,0,？？？？？終,0,
249,ルギア終　　,106,90,130,110,90,154,超,飛,3,220,0,12,アイテムなし,アイテムなし,255,120,0,5,15,15,プレッシャー終　,ーーーーーーー終,0,8,0,0,進化なし,0,？？？？？終,0,進化なし,0,？？？？？終,0,進化なし,0,？？？？？終,0,進化なし,0,？？？？？終,0,進化なし,0,？？？？？終,0,
250,ホウオウ終　,106,130,90,90,110,154,炎,飛,3,220,0,12,アイテムなし,アイテムなし,255,120,0,5,15,15,プレッシャー終　,ーーーーーーー終,0,0,0,0,進化なし,0,？？？？？終,0,進化なし,0,？？？？？終,0,進化なし,0,？？？？？終,0,進化なし,0,？？？？？終,0,進化なし,0,？？？？？終,0,
251,セレビィ終　,100,100,100,100,100,100,超,草,45,64,3,0,ラムのみ,ラムのみ,255,120,100,3,15,15,しぜんかいふく終,ーーーーーーー終,0,3,0,0,進化なし,0,？？？？？終,0,進化なし,0,？？？？？終,0,進化なし,0,？？？？？終,0,進化なし,0,？？？？？終,0,進化なし,0,？？？？？終,0,
252,メタドガス終,90,105,125,50,100,80,毒,鋼,45,200,36,0,アイテムなし,アイテムなし,127,20,70,0,11,11,ふゆう終　　　　,ポイズンミスト終,0,4,0,0,進化なし,0,？？？？？終,0,進化なし,0,？？？？？終,0,進化なし,0,？？？？？終,0,進化なし,0,？？？？？終,0,進化なし,0,？？？？？終,0,
253,ムシャガモ終,93,71,69,96,74,76,闘,飛,45,188,68,0,きあいのハチマキ,こだわりハチマキ,127,20,70,0,4,5,ちからもち終　　,テクニシャン終　,0,4,0,0,進化なし,0,？？？？？終,0,進化なし,0,？？？？？終,0,進化なし,0,？？？？？終,0,進化なし,0,？？？？？終,0,進化なし,0,？？？？？終,0,
254,マタドガス終,35,120,90,90,115,40,毒,悪,3,255,32,0,アイテムなし,アイテムなし,127,20,0,0,11,11,ふゆう終　　　　,ポイズンミスト終,0,4,0,0,進化なし,0,？？？？？終,0,進化なし,0,？？？？？終,0,進化なし,0,？？？？？終,0,進化なし,0,？？？？？終,0,進化なし,0,？？？？？終,0,
255,アーボック終,35,125,39,105,95,49,毒,悪,3,255,8,0,アイテムなし,アイテムなし,127,20,0,0,5,14,いかく終　　　　,だっぴ終　　　　,0,4,0,0,進化なし,0,？？？？？終,0,進化なし,0,？？？？？終,0,進化なし,0,？？？？？終,0,進化なし,0,？？？？？終,0,進化なし,0,？？？？？終,0,
256,ベトベトン終,80,145,35,75,105,60,毒,悪,3,255,5,0,アイテムなし,アイテムなし,127,20,0,0,11,11,あくしゅう終　　,ねんちゃく終　　,0,4,0,0,進化なし,0,？？？？？終,0,進化なし,0,？？？？？終,0,進化なし,0,？？？？？終,0,進化なし,0,？？？？？終,0,進化なし,0,？？？？？終,0,
257,ピジョン終　,71,98,52,99,89,50,飛,悪,3,255,128,0,アイテムなし,アイテムなし,127,15,0,3,4,4,プレッシャー終　,てんのめぐみ終　,0,4,0,0,進化なし,0,？？？？？終,0,進化なし,0,？？？？？終,0,進化なし,0,？？？？？終,0,進化なし,0,？？？？？終,0,進化なし,0,？？？？？終,0,
258,フシギソウ終,45,82,43,75,100,60,草,悪,3,255,0,5,アイテムなし,アイテムなし,31,20,0,3,1,7,しんりょく終　　,あくしゅう終　　,0,4,0,0,進化なし,0,？？？？？終,0,進化なし,0,？？？？？終,0,進化なし,0,？？？？？終,0,進化なし,0,？？？？？終,0,進化なし,0,？？？？？終,0,
259,フシギバナ終,50,112,53,110,130,70,草,悪,3,255,0,6,アイテムなし,アイテムなし,31,20,0,3,1,7,しんりょく終　　,あついしぼう終　,0,4,0,0,進化なし,0,？？？？？終,0,進化なし,0,？？？？？終,0,進化なし,0,？？？？？終,0,進化なし,0,？？？？？終,0,進化なし,0,？？？？？終,0,
260,リザード終　,48,84,38,90,100,45,炎,悪,3,255,64,1,アイテムなし,アイテムなし,31,20,0,3,1,14,もうか終　　　　,かそく終　　　　,0,4,0,0,進化なし,0,？？？？？終,0,進化なし,0,？？？？？終,0,進化なし,0,？？？？？終,0,進化なし,0,？？？？？終,0,進化なし,0,？？？？？終,0,
261,リザードン終,68,114,48,110,139,55,炎,悪,3,255,0,3,アイテムなし,アイテムなし,31,20,0,3,1,14,もうか終　　　　,ふゆう終　　　　,0,4,0,0,進化なし,0,？？？？？終,0,進化なし,0,？？？？？終,0,進化なし,0,？？？？？終,0,進化なし,0,？？？？？終,0,進化なし,0,？？？？？終,0,
262,カメール終　,44,83,60,73,85,60,水,悪,3,255,16,4,アイテムなし,アイテムなし,31,20,0,3,1,2,げきりゅう終　　,あめふらし終　　,0,4,0,0,進化なし,0,？？？？？終,0,進化なし,0,？？？？？終,0,進化なし,0,？？？？？終,0,進化なし,0,？？？？？終,0,進化なし,0,？？？？？終,0,
263,カメックス終,49,113,70,108,115,75,水,悪,3,255,0,12,アイテムなし,アイテムなし,31,20,0,3,1,2,げきりゅう終　　,あめふらし終　　,0,4,0,0,進化なし,0,？？？？？終,0,進化なし,0,？？？？？終,0,進化なし,0,？？？？？終,0,進化なし,0,？？？？？終,0,進化なし,0,？？？？？終,0,
264,ラッタ終　　,45,111,50,107,60,60,無,悪,3,232,128,0,アイテムなし,アイテムなし,127,15,0,0,5,5,こんじょう終　　,はりきり終　　　,0,4,0,0,進化なし,0,？？？？？終,0,進化なし,0,？？？？？終,0,進化なし,0,？？？？？終,0,進化なし,0,？？？？？終,0,進化なし,0,？？？？？終,0,
265,サンドパン終,55,120,90,85,65,35,地,悪,3,255,32,0,アイテムなし,アイテムなし,127,20,0,0,5,5,どくのトゲ終　　,すながくれ終　　,0,4,0,0,進化なし,0,？？？？？終,0,進化なし,0,？？？？？終,0,進化なし,0,？？？？？終,0,進化なし,0,？？？？？終,0,進化なし,0,？？？？？終,0,
266,ゴルバット終,55,100,50,110,85,55,飛,悪,3,255,128,0,アイテムなし,アイテムなし,127,15,0,0,4,4,せいしんりょく終,かそく終　　　　,0,4,0,0,進化なし,0,？？？？？終,0,進化なし,0,？？？？？終,0,進化なし,0,？？？？？終,0,進化なし,0,？？？？？終,0,進化なし,0,？？？？？終,0,
267,クロバット終,75,120,50,140,90,60,飛,悪,3,255,192,0,アイテムなし,アイテムなし,127,15,0,0,4,4,せいしんりょく終,かそく終　　　　,0,4,0,0,進化なし,0,？？？？？終,0,進化なし,0,？？？？？終,0,進化なし,0,？？？？？終,0,進化なし,0,？？？？？終,0,進化なし,0,？？？？？終,0,
268,ゴーリキー終,70,120,50,55,60,50,闘,悪,3,255,8,0,アイテムなし,アイテムなし,63,20,0,3,8,8,こんじょう終　　,はんげき終　　　,0,4,0,0,進化なし,0,？？？？？終,0,進化なし,0,？？？？？終,0,進化なし,0,？？？？？終,0,進化なし,0,？？？？？終,0,進化なし,0,？？？？？終,0,
269,カイリキー終,70,150,60,75,75,75,闘,悪,3,255,12,0,アイテムなし,アイテムなし,63,20,0,3,8,8,こんじょう終　　,はんげき終　　　,0,4,0,0,進化なし,0,？？？？？終,0,進化なし,0,？？？？？終,0,進化なし,0,？？？？？終,0,進化なし,0,？？？？？終,0,進化なし,0,？？？？？終,0,
270,スリーパー終,65,83,60,87,103,85,超,悪,3,255,0,8,アイテムなし,アイテムなし,127,20,0,0,8,8,ふみん終　　　　,はりきり終　　　,0,4,0,0,進化なし,0,？？？？？終,0,進化なし,0,？？？？？終,0,進化なし,0,？？？？？終,0,進化なし,0,？？？？？終,0,進化なし,0,？？？？？終,0,
271,マルマイン終,40,90,50,170,80,60,電,悪,15,255,128,0,モンスターボール,ロケットボール,255,20,0,0,10,10,せいでんき終　　,かそく終　　　　,0,4,0,0,進化なし,0,？？？？？終,0,進化なし,0,？？？？？終,0,進化なし,0,？？？？？終,0,進化なし,0,？？？？？終,0,進化なし,0,？？？？？終,0,
272,クサイハナ終,45,75,60,55,105,55,草,悪,3,255,0,2,アイテムなし,アイテムなし,127,20,0,3,7,7,ほうし終　　　　,あくしゅう終　　,0,4,0,0,進化なし,0,？？？？？終,0,進化なし,0,？？？？？終,0,進化なし,0,？？？？？終,0,進化なし,0,？？？？？終,0,進化なし,0,？？？？？終,0,
273,ラフレシア終,55,100,65,70,110,80,草,悪,3,255,0,3,アイテムなし,アイテムなし,127,20,0,3,7,7,ほうし終　　　　,ようりょくそ終　,0,4,0,0,進化なし,0,？？？？？終,0,進化なし,0,？？？？？終,0,進化なし,0,？？？？？終,0,進化なし,0,？？？？？終,0,進化なし,0,？？？？？終,0,
274,メタドガス終,50,140,95,80,135,50,鋼,悪,45,255,36,0,アイテムなし,アイテムなし,127,20,0,0,11,11,ふゆう終　　　　,もらいび終　　　,0,4,0,0,進化なし,0,？？？？？終,0,進化なし,0,？？？？？終,0,進化なし,0,？？？？？終,0,進化なし,0,？？？？？終,0,進化なし,0,？？？？？終,0,
275,ハッサム終　,70,140,90,65,65,70,鋼,悪,3,255,8,0,アイテムなし,アイテムなし,127,25,0,0,3,3,かいりきバサミ終,テクニシャン終　,0,4,0,0,進化なし,0,？？？？？終,0,進化なし,0,？？？？？終,0,進化なし,0,？？？？？終,0,進化なし,0,？？？？？終,0,進化なし,0,？？？？？終,0,
276,ルギア終　　,106,90,130,110,90,154,闇,飛,3,255,0,12,アイテムなし,アイテムなし,255,120,0,5,15,15,エアロック終　　,あめふらし終　　,0,4,0,0,進化なし,0,？？？？？終,0,進化なし,0,？？？？？終,0,進化なし,0,？？？？？終,0,進化なし,0,？？？？？終,0,進化なし,0,？？？？？終,0,
277,キモリ終　　,40,45,35,70,65,55,草,草,45,65,64,0,アイテムなし,アイテムなし,31,20,70,3,1,14,しんりょく終　　,ーーーーーーー終,0,3,0,0,普通にレベルアップ,16,ジュプトル終,0,進化なし,0,？？？？？終,0,進化なし,0,？？？？？終,0,進化なし,0,？？？？？終,0,進化なし,0,？？？？？終,0,
278,ジュプトル終,50,65,45,95,85,65,草,草,45,141,128,0,アイテムなし,アイテムなし,31,20,70,3,1,14,しんりょく終　　,ーーーーーーー終,0,3,0,0,普通にレベルアップ,36,ジュカイン終,0,進化なし,0,？？？？？終,0,進化なし,0,？？？？？終,0,進化なし,0,？？？？？終,0,進化なし,0,？？？？？終,0,
279,ジュカイン終,70,85,65,120,105,85,草,草,45,208,192,0,アイテムなし,アイテムなし,31,20,70,3,1,14,しんりょく終　　,ーーーーーーー終,0,3,0,0,進化なし,0,？？？？？終,0,進化なし,0,？？？？？終,0,進化なし,0,？？？？？終,0,進化なし,0,？？？？？終,0,進化なし,0,？？？？？終,0,
280,アチャモ終　,45,60,40,45,70,50,炎,炎,45,65,0,1,アイテムなし,アイテムなし,31,20,70,3,5,5,もうか終　　　　,ーーーーーーー終,0,0,0,0,普通にレベルアップ,16,ワカシャモ終,0,進化なし,0,？？？？？終,0,進化なし,0,？？？？？終,0,進化なし,0,？？？？？終,0,進化なし,0,？？？？？終,0,
281,ワカシャモ終,60,85,60,55,85,60,炎,闘,45,142,4,1,アイテムなし,アイテムなし,31,20,70,3,5,5,もうか終　　　　,ーーーーーーー終,0,0,0,0,普通にレベルアップ,36,バシャーモ終,0,進化なし,0,？？？？？終,0,進化なし,0,？？？？？終,0,進化なし,0,？？？？？終,0,進化なし,0,？？？？？終,0,
282,バシャーモ終,80,120,70,80,110,70,炎,闘,45,209,12,0,アイテムなし,アイテムなし,31,20,70,3,5,5,もうか終　　　　,ーーーーーーー終,0,0,0,0,進化なし,0,？？？？？終,0,進化なし,0,？？？？？終,0,進化なし,0,？？？？？終,0,進化なし,0,？？？？？終,0,進化なし,0,？？？？？終,0,
283,ミズゴロウ終,50,70,50,40,50,50,水,水,45,65,4,0,アイテムなし,アイテムなし,31,20,70,3,1,2,げきりゅう終　　,ーーーーーーー終,0,1,0,0,普通にレベルアップ,16,ヌマクロー終,0,進化なし,0,？？？？？終,0,進化なし,0,？？？？？終,0,進化なし,0,？？？？？終,0,進化なし,0,？？？？？終,0,
284,ヌマクロー終,70,85,70,50,60,70,水,地,45,143,8,0,アイテムなし,アイテムなし,31,20,70,3,1,2,げきりゅう終　　,ーーーーーーー終,0,1,0,0,普通にレベルアップ,36,ラグラージ終,0,進化なし,0,？？？？？終,0,進化なし,0,？？？？？終,0,進化なし,0,？？？？？終,0,進化なし,0,？？？？？終,0,
285,ラグラージ終,100,110,90,60,85,90,水,地,45,210,12,0,アイテムなし,アイテムなし,31,20,70,3,1,2,げきりゅう終　　,ーーーーーーー終,0,1,0,0,進化なし,0,？？？？？終,0,進化なし,0,？？？？？終,0,進化なし,0,？？？？？終,0,進化なし,0,？？？？？終,0,進化なし,0,？？？？？終,0,
286,ポチエナ終　,35,55,35,35,30,30,悪,悪,255,55,4,0,アイテムなし,モモンのみ,127,15,70,0,5,5,にげあし終　　　,にげあし終　　　,0,7,0,0,普通にレベルアップ,18,グラエナ終　,0,進化なし,0,？？？？？終,0,進化なし,0,？？？？？終,0,進化なし,0,？？？？？終,0,進化なし,0,？？？？？終,0,
287,グラエナ終　,70,90,70,70,60,60,悪,悪,127,128,8,0,アイテムなし,モモンのみ,127,15,70,0,5,5,いかく終　　　　,じしんかじょう終,0,7,0,0,進化なし,0,？？？？？終,0,進化なし,0,？？？？？終,0,進化なし,0,？？？？？終,0,進化なし,0,？？？？？終,0,進化なし,0,？？？？？終,0,
288,ジグザグマ終,38,30,41,60,30,41,無,無,255,60,64,0,アイテムなし,オレンのみ,127,15,70,0,5,5,ものひろい終　　,ーーーーーーー終,0,5,0,0,普通にレベルアップ,20,マッスグマ終,0,進化なし,0,？？？？？終,0,進化なし,0,？？？？？終,0,進化なし,0,？？？？？終,0,進化なし,0,？？？？？終,0,
289,マッスグマ終,78,70,61,100,50,61,無,無,90,128,128,0,オレンのみ,オボンのみ,127,15,70,0,5,5,ものひろい終　　,ーーーーーーー終,0,8,0,0,進化なし,0,？？？？？終,0,進化なし,0,？？？？？終,0,進化なし,0,？？？？？終,0,進化なし,0,？？？？？終,0,進化なし,0,？？？？？終,0,
290,ケムッソ終　,45,45,35,20,20,30,虫,虫,255,54,1,0,アイテムなし,アイテムなし,127,15,70,0,3,3,りんぷん終　　　,ーーーーーーー終,0,0,0,0,性格値%10≧5でレベルアップ,7,カラサリス終,0,性格値%10＜5でレベルアップ,7,マユルド終　,0,進化なし,0,？？？？？終,0,進化なし,0,？？？？？終,0,進化なし,0,？？？？？終,0,
291,カラサリス終,50,35,55,15,25,25,虫,虫,120,71,32,0,アイテムなし,アイテムなし,127,15,70,0,3,3,だっぴ終　　　　,ーーーーーーー終,0,8,0,0,普通にレベルアップ,10,アゲハント終,0,進化なし,0,？？？？？終,0,進化なし,0,？？？？？終,0,進化なし,0,？？？？？終,0,進化なし,0,？？？？？終,0,
292,アゲハント終,60,70,50,65,100,50,虫,飛,45,161,0,3,アイテムなし,ぎんのこな,127,15,70,0,3,3,むしのしらせ終　,ーーーーーーー終,0,2,0,0,進化なし,0,？？？？？終,0,進化なし,0,？？？？？終,0,進化なし,0,？？？？？終,0,進化なし,0,？？？？？終,0,進化なし,0,？？？？？終,0,
293,マユルド終　,50,35,55,15,25,25,虫,虫,120,72,32,0,アイテムなし,アイテムなし,127,15,70,0,3,3,だっぴ終　　　　,ーーーーーーー終,0,6,0,0,普通にレベルアップ,10,ドクケイル終,0,進化なし,0,？？？？？終,0,進化なし,0,？？？？？終,0,進化なし,0,？？？？？終,0,進化なし,0,？？？？？終,0,
294,ドクケイル終,60,50,70,65,50,90,虫,毒,45,160,0,12,アイテムなし,ぎんのこな,127,15,70,0,3,3,りんぷん終　　　,ーーーーーーー終,0,3,0,0,進化なし,0,？？？？？終,0,進化なし,0,？？？？？終,0,進化なし,0,？？？？？終,0,進化なし,0,？？？？？終,0,進化なし,0,？？？？？終,0,
295,ハスボー終　,40,30,30,30,40,50,水,草,255,74,0,4,アイテムなし,アイテムなし,127,15,70,3,2,7,すいすい終　　　,あめうけざら終　,0,3,0,0,普通にレベルアップ,14,ハスブレロ終,0,進化なし,0,？？？？？終,0,進化なし,0,？？？？？終,0,進化なし,0,？？？？？終,0,進化なし,0,？？？？？終,0,
296,ハスブレロ終,60,50,50,50,60,70,水,草,120,141,0,8,アイテムなし,アイテムなし,127,15,70,3,2,7,すいすい終　　　,あめうけざら終　,0,3,0,0,アイテム使用,みずのいし,ルンパッパ終,0,進化なし,0,？？？？？終,0,進化なし,0,？？？？？終,0,進化なし,0,？？？？？終,0,進化なし,0,？？？？？終,0,
297,ルンパッパ終,80,70,70,70,90,100,水,草,45,181,0,12,アイテムなし,アイテムなし,127,15,70,3,2,7,すいすい終　　　,あめうけざら終　,0,3,0,0,進化なし,0,？？？？？終,0,進化なし,0,？？？？？終,0,進化なし,0,？？？？？終,0,進化なし,0,？？？？？終,0,進化なし,0,？？？？？終,0,
298,タネボー終　,40,40,50,30,30,30,草,草,255,74,16,0,アイテムなし,アイテムなし,127,15,70,3,5,7,ようりょくそ終　,はやおき終　　　,0,5,0,0,普通にレベルアップ,14,コノハナ終　,0,進化なし,0,？？？？？終,0,進化なし,0,？？？？？終,0,進化なし,0,？？？？？終,0,進化なし,0,？？？？？終,0,
299,コノハナ終　,70,70,40,60,60,40,草,悪,120,141,8,0,アイテムなし,アイテムなし,127,15,70,3,5,7,ようりょくそ終　,はやおき終　　　,0,5,0,0,アイテム使用,リーフのいし,ダーテング終,0,進化なし,0,？？？？？終,0,進化なし,0,？？？？？終,0,進化なし,0,？？？？？終,0,進化なし,0,？？？？？終,0,
300,ダーテング終,90,100,60,80,90,60,草,悪,45,181,12,0,アイテムなし,アイテムなし,127,15,70,3,5,7,ようりょくそ終　,はやおき終　　　,0,5,0,0,進化なし,0,？？？？？終,0,進化なし,0,？？？？？終,0,進化なし,0,？？？？？終,0,進化なし,0,？？？？？終,0,進化なし,0,？？？？？終,0,
301,ツチニン終　,31,45,90,40,30,30,虫,地,255,65,16,0,アイテムなし,アイテムなし,127,15,70,1,3,3,ふくがん終　　　,ーーーーーーー終,0,7,0,0,増殖,20,テッカニン終,0,増殖2,20,ヌケニン終　,0,進化なし,0,？？？？？終,0,進化なし,0,？？？？？終,0,進化なし,0,？？？？？終,0,
302,テッカニン終,61,90,45,160,50,50,虫,飛,120,155,128,0,アイテムなし,アイテムなし,127,15,70,1,3,3,かそく終　　　　,ーーーーーーー終,0,2,0,0,進化なし,0,？？？？？終,0,進化なし,0,？？？？？終,0,進化なし,0,？？？？？終,0,進化なし,0,？？？？？終,0,進化なし,0,？？？？？終,0,
303,ヌケニン終　,1,90,45,40,30,30,虫,霊,45,95,2,0,アイテムなし,アイテムなし,255,15,70,1,10,10,ふしぎなまもり終,ーーーーーーー終,0,5,0,0,進化なし,0,？？？？？終,0,進化なし,0,？？？？？終,0,進化なし,0,？？？？？終,0,進化なし,0,？？？？？終,0,進化なし,0,？？？？？終,0,
304,スバメ終　　,40,55,30,85,30,30,無,飛,200,59,64,0,アイテムなし,アイテムなし,127,15,70,3,4,4,こんじょう終　　,ーーーーーーー終,0,1,0,0,普通にレベルアップ,22,オオスバメ終,0,進化なし,0,？？？？？終,0,進化なし,0,？？？？？終,0,進化なし,0,？？？？？終,0,進化なし,0,？？？？？終,0,
305,オオスバメ終,60,85,60,125,75,50,無,飛,45,162,128,0,アイテムなし,アイテムなし,127,15,70,3,4,4,こんじょう終　　,おおきなつばさ終,0,1,0,0,進化なし,0,？？？？？終,0,進化なし,0,？？？？？終,0,進化なし,0,？？？？？終,0,進化なし,0,？？？？？終,0,進化なし,0,？？？？？終,0,
306,キノココ終　,60,40,60,35,40,60,草,草,255,65,1,0,アイテムなし,アイテムなし,127,15,70,2,6,7,ほうし終　　　　,ほうし終　　　　,0,5,0,0,普通にレベルアップ,23,キノガッサ終,0,進化なし,0,？？？？？終,0,進化なし,0,？？？？？終,0,進化なし,0,？？？？？終,0,進化なし,0,？？？？？終,0,
307,キノガッサ終,60,130,80,70,60,60,草,闘,90,165,8,0,アイテムなし,アイテムなし,127,15,70,2,6,7,ほうし終　　　　,テクニシャン終　,0,3,0,0,進化なし,0,？？？？？終,0,進化なし,0,？？？？？終,0,進化なし,0,？？？？？終,0,進化なし,0,？？？？？終,0,進化なし,0,？？？？？終,0,
308,パッチール終,60,60,60,60,60,60,無,無,255,85,0,1,アイテムなし,カゴのみ,127,15,70,4,5,8,マイペース終　　,ーーーーーーー終,0,133,0,0,進化なし,0,？？？？？終,0,進化なし,0,？？？？？終,0,進化なし,0,？？？？？終,0,進化なし,0,？？？？？終,0,進化なし,0,？？？？？終,0,
309,キャモメ終　,40,30,30,85,55,30,水,飛,190,64,64,0,アイテムなし,アイテムなし,127,20,70,0,2,4,するどいめ終　　,するどいめ終　　,0,8,0,0,普通にレベルアップ,25,ペリッパー終,0,進化なし,0,？？？？？終,0,進化なし,0,？？？？？終,0,進化なし,0,？？？？？終,0,進化なし,0,？？？？？終,0,
310,ペリッパー終,60,50,100,65,95,70,水,飛,45,164,32,0,アイテムなし,アイテムなし,127,20,70,0,2,4,するどいめ終　　,あめふらし終　　,0,2,0,0,進化なし,0,？？？？？終,0,進化なし,0,？？？？？終,0,進化なし,0,？？？？？終,0,進化なし,0,？？？？？終,0,進化なし,0,？？？？？終,0,
311,アメタマ終　,40,30,32,65,50,52,虫,水,200,63,64,0,アイテムなし,アイテムなし,127,15,70,0,2,3,すいすい終　　　,ーーーーーーー終,0,1,0,0,普通にレベルアップ,22,アメモース終,0,進化なし,0,？？？？？終,0,進化なし,0,？？？？？終,0,進化なし,0,？？？？？終,0,進化なし,0,？？？？？終,0,
312,アメモース終,70,60,62,80,100,82,虫,飛,75,128,0,5,アイテムなし,ぎんのこな,127,15,70,0,2,3,いかく終　　　　,ーーーーーーー終,0,1,0,0,進化なし,0,？？？？？終,0,進化なし,0,？？？？？終,0,進化なし,0,？？？？？終,0,進化なし,0,？？？？？終,0,進化なし,0,？？？？？終,0,
313,ホエルコ終　,130,70,35,60,70,35,水,水,125,137,1,0,アイテムなし,アイテムなし,127,40,70,2,5,12,みずのベール終　,どんかん終　　　,0,1,0,0,普通にレベルアップ,40,ホエルオー終,0,進化なし,0,？？？？？終,0,進化なし,0,？？？？？終,0,進化なし,0,？？？？？終,0,進化なし,0,？？？？？終,0,
314,ホエルオー終,170,90,45,60,90,45,水,水,60,206,2,0,アイテムなし,アイテムなし,127,40,70,2,5,12,みずのベール終　,どんかん終　　　,0,1,0,0,進化なし,0,？？？？？終,0,進化なし,0,？？？？？終,0,進化なし,0,？？？？？終,0,進化なし,0,？？？？？終,0,進化なし,0,？？？？？終,0,
315,エネコ終　　,50,45,45,50,35,35,無,無,255,65,64,0,アイテムなし,ヒメリのみ,191,15,70,4,5,6,メロメロボディ終,ーーーーーーー終,0,9,0,0,アイテム使用,つきのいし,エネコロロ終,0,進化なし,0,？？？？？終,0,進化なし,0,？？？？？終,0,進化なし,0,？？？？？終,0,進化なし,0,？？？？？終,0,
316,エネコロロ終,70,65,65,90,55,55,無,無,60,138,65,0,アイテムなし,ヒメリのみ,191,15,70,4,5,6,メロメロボディ終,ーーーーーーー終,0,6,0,0,進化なし,0,？？？？？終,0,進化なし,0,？？？？？終,0,進化なし,0,？？？？？終,0,進化なし,0,？？？？？終,0,進化なし,0,？？？？？終,0,
317,カクレオン終,60,90,70,40,60,120,無,無,200,132,0,4,アイテムなし,キーのみ,127,20,70,3,5,5,へんしょく終　　,ーーーーーーー終,0,3,0,0,進化なし,0,？？？？？終,0,進化なし,0,？？？？？終,0,進化なし,0,？？？？？終,0,進化なし,0,？？？？？終,0,進化なし,0,？？？？？終,0,
318,ヤジロン終　,40,40,55,55,40,70,地,超,255,58,0,4,アイテムなし,アイテムなし,255,20,70,0,10,10,ふゆう終　　　　,ーーーーーーー終,0,5,0,0,普通にレベルアップ,36,ネンドール終,0,進化なし,0,？？？？？終,0,進化なし,0,？？？？？終,0,進化なし,0,？？？？？終,0,進化なし,0,？？？？？終,0,
319,ネンドール終,60,70,105,75,70,120,地,超,90,189,0,8,アイテムなし,アイテムなし,255,20,70,0,10,10,ふゆう終　　　　,ーーーーーーー終,0,4,0,0,進化なし,0,？？？？？終,0,進化なし,0,？？？？？終,0,進化なし,0,？？？？？終,0,進化なし,0,？？？？？終,0,進化なし,0,？？？？？終,0,
320,ノズパス終　,30,45,135,30,45,90,岩,岩,255,108,16,0,アイテムなし,アイテムなし,127,20,70,0,10,10,がんじょう終　　,じりょく終　　　,0,7,0,0,進化なし,0,？？？？？終,0,進化なし,0,？？？？？終,0,進化なし,0,？？？？？終,0,進化なし,0,？？？？？終,0,進化なし,0,？？？？？終,0,
321,コータス終　,70,85,140,20,85,70,炎,炎,90,161,32,0,アイテムなし,アイテムなし,127,20,70,0,5,5,しろいけむり終　,ひでり終　　　　,0,5,0,0,進化なし,0,？？？？？終,0,進化なし,0,？？？？？終,0,進化なし,0,？？？？？終,0,進化なし,0,？？？？？終,0,進化なし,0,？？？？？終,0,
322,ヤミラミ終　,50,75,75,50,65,65,悪,霊,45,98,20,0,アイテムなし,アイテムなし,127,25,35,3,8,8,するどいめ終　　,ーーーーーーー終,0,6,0,0,進化なし,0,？？？？？終,0,進化なし,0,？？？？？終,0,進化なし,0,？？？？？終,0,進化なし,0,？？？？？終,0,進化なし,0,？？？？？終,0,
323,ドジョッチ終,50,48,43,60,46,41,水,地,190,92,1,0,アイテムなし,アイテムなし,127,20,70,0,12,12,どんかん終　　　,ーーーーーーー終,0,7,0,0,普通にレベルアップ,30,ナマズン終　,0,進化なし,0,？？？？？終,0,進化なし,0,？？？？？終,0,進化なし,0,？？？？？終,0,進化なし,0,？？？？？終,0,
324,ナマズン終　,110,78,73,60,76,71,水,地,75,158,2,0,アイテムなし,アイテムなし,127,20,70,0,12,12,どんかん終　　　,ーーーーーーー終,0,1,0,0,進化なし,0,？？？？？終,0,進化なし,0,？？？？？終,0,進化なし,0,？？？？？終,0,進化なし,0,？？？？？終,0,進化なし,0,？？？？？終,0,
325,ラブカス終　,43,30,55,97,40,65,水,水,225,110,64,0,ハートのウロコ,アイテムなし,191,20,70,4,12,12,すいすい終　　　,ーーーーーーー終,0,9,0,0,進化なし,0,？？？？？終,0,進化なし,0,？？？？？終,0,進化なし,0,？？？？？終,0,進化なし,0,？？？？？終,0,進化なし,0,？？？？？終,0,
326,へイガニ終　,43,80,65,35,50,35,水,水,205,111,4,0,アイテムなし,アイテムなし,127,15,70,2,2,9,かいりきバサミ終,シェルアーマー終,0,0,0,0,普通にレベルアップ,30,シザリガー終,0,進化なし,0,？？？？？終,0,進化なし,0,？？？？？終,0,進化なし,0,？？？？？終,0,進化なし,0,？？？？？終,0,
327,シザリガー終,63,120,85,55,90,55,水,悪,155,161,8,0,アイテムなし,アイテムなし,127,15,70,2,2,9,かいりきバサミ終,シェルアーマー終,0,0,0,0,進化なし,0,？？？？？終,0,進化なし,0,？？？？？終,0,進化なし,0,？？？？？終,0,進化なし,0,？？？？？終,0,進化なし,0,？？？？？終,0,
328,ヒンバス終　,20,15,20,80,10,55,水,水,255,61,64,0,アイテムなし,アイテムなし,127,20,70,1,2,14,すいすい終　　　,ーーーーーーー終,0,5,0,0,美しさが指定値以上でレベルアップ,170,ミロカロス終,0,進化なし,0,？？？？？終,0,進化なし,0,？？？？？終,0,進化なし,0,？？？？？終,0,進化なし,0,？？？？？終,0,
329,ミロカロス終,95,60,79,81,100,125,水,水,60,213,0,8,アイテムなし,アイテムなし,127,20,70,1,2,14,ふしぎなうろこ終,ーーーーーーー終,0,9,0,0,進化なし,0,？？？？？終,0,進化なし,0,？？？？？終,0,進化なし,0,？？？？？終,0,進化なし,0,？？？？？終,0,進化なし,0,？？？？？終,0,
330,キバニア終　,45,90,20,65,65,20,水,悪,225,88,4,0,アイテムなし,アイテムなし,127,20,35,5,12,12,はんげき終　　　,ーーーーーーー終,0,0,0,0,普通にレベルアップ,30,サメハダー終,0,進化なし,0,？？？？？終,0,進化なし,0,？？？？？終,0,進化なし,0,？？？？？終,0,進化なし,0,？？？？？終,0,
331,サメハダー終,70,120,40,95,95,40,水,悪,60,175,8,0,アイテムなし,アイテムなし,127,20,35,5,12,12,はんげき終　　　,ーーーーーーー終,0,1,0,0,進化なし,0,？？？？？終,0,進化なし,0,？？？？？終,0,進化なし,0,？？？？？終,0,進化なし,0,？？？？？終,0,進化なし,0,？？？？？終,0,
332,ナックラー終,45,100,45,10,45,45,地,地,255,73,4,0,アイテムなし,やわらかいすな,127,20,70,3,3,14,かいりきバサミ終,ありじごく終　　,0,5,0,0,普通にレベルアップ,35,ビブラーバ終,0,進化なし,0,？？？？？終,0,進化なし,0,？？？？？終,0,進化なし,0,？？？？？終,0,進化なし,0,？？？？？終,0,
333,ビブラーバ終,50,70,50,70,50,50,地,竜,120,126,68,0,アイテムなし,アイテムなし,127,20,70,3,3,14,ふゆう終　　　　,ふゆう終　　　　,0,3,0,0,普通にレベルアップ,45,フライゴン終,0,進化なし,0,？？？？？終,0,進化なし,0,？？？？？終,0,進化なし,0,？？？？？終,0,進化なし,0,？？？？？終,0,
334,フライゴン終,80,100,80,100,80,80,地,竜,45,197,132,0,アイテムなし,アイテムなし,127,20,70,3,3,14,ふゆう終　　　　,ふゆう終　　　　,0,3,0,0,進化なし,0,？？？？？終,0,進化なし,0,？？？？？終,0,進化なし,0,？？？？？終,0,進化なし,0,？？？？？終,0,進化なし,0,？？？？？終,0,
335,マクノシタ終,72,60,30,25,20,30,闘,闘,180,87,1,0,アイテムなし,アイテムなし,63,20,70,2,8,8,あついしぼう終　,こんじょう終　　,0,2,0,0,普通にレベルアップ,24,ハリテヤマ終,0,進化なし,0,？？？？？終,0,進化なし,0,？？？？？終,0,進化なし,0,？？？？？終,0,進化なし,0,？？？？？終,0,
336,ハリテヤマ終,144,120,60,50,40,60,闘,闘,200,184,2,0,アイテムなし,おうじゃのしるし,63,20,70,2,8,8,あついしぼう終　,こんじょう終　　,0,5,0,0,進化なし,0,？？？？？終,0,進化なし,0,？？？？？終,0,進化なし,0,？？？？？終,0,進化なし,0,？？？？？終,0,進化なし,0,？？？？？終,0,
337,ラクライ終　,40,45,40,65,65,40,電,電,120,104,64,0,アイテムなし,アイテムなし,127,20,70,5,5,5,せいでんき終　　,ひらいしん終　　,0,3,0,0,普通にレベルアップ,26,ライボルト終,0,進化なし,0,？？？？？終,0,進化なし,0,？？？？？終,0,進化なし,0,？？？？？終,0,進化なし,0,？？？？？終,0,
338,ライボルト終,70,75,60,105,105,60,電,電,45,168,128,0,アイテムなし,アイテムなし,127,20,70,5,5,5,せいでんき終　　,ひらいしん終　　,0,2,0,0,進化なし,0,？？？？？終,0,進化なし,0,？？？？？終,0,進化なし,0,？？？？？終,0,進化なし,0,？？？？？終,0,進化なし,0,？？？？？終,0,
339,ドンメル終　,60,60,40,35,65,45,炎,地,255,88,0,1,チーゴのみ,チーゴのみ,127,20,70,0,5,5,どんかん終　　　,ーーーーーーー終,0,2,0,0,普通にレベルアップ,33,バクーダ終　,0,進化なし,0,？？？？？終,0,進化なし,0,？？？？？終,0,進化なし,0,？？？？？終,0,進化なし,0,？？？？？終,0,
340,バクーダ終　,70,100,70,40,105,75,炎,地,150,175,4,1,チーゴのみ,チーゴのみ,127,20,70,0,5,5,マグマのよろい終,ーーーーーーー終,0,0,0,0,進化なし,0,？？？？？終,0,進化なし,0,？？？？？終,0,進化なし,0,？？？？？終,0,進化なし,0,？？？？？終,0,進化なし,0,？？？？？終,0,
341,タマザラシ終,70,40,50,25,55,50,氷,水,255,75,1,0,アイテムなし,アイテムなし,127,20,70,3,2,5,あついしぼう終　,ーーーーーーー終,0,1,0,0,普通にレベルアップ,32,トドグラー終,0,進化なし,0,？？？？？終,0,進化なし,0,？？？？？終,0,進化なし,0,？？？？？終,0,進化なし,0,？？？？？終,0,
342,トドグラー終,90,60,70,45,75,70,氷,水,120,128,2,0,アイテムなし,アイテムなし,127,20,70,3,2,5,あついしぼう終　,ーーーーーーー終,0,1,0,0,普通にレベルアップ,44,トドゼルガ終,0,進化なし,0,？？？？？終,0,進化なし,0,？？？？？終,0,進化なし,0,？？？？？終,0,進化なし,0,？？？？？終,0,
343,トドゼルガ終,110,80,90,65,95,90,氷,水,45,192,3,0,アイテムなし,アイテムなし,127,20,70,3,2,5,あついしぼう終　,ーーーーーーー終,0,1,0,0,進化なし,0,？？？？？終,0,進化なし,0,？？？？？終,0,進化なし,0,？？？？？終,0,進化なし,0,？？？？？終,0,進化なし,0,？？？？？終,0,
344,サボネア終　,50,85,40,35,85,40,草,草,190,97,0,1,アイテムなし,どくバリ,127,20,35,3,7,8,すながくれ終　　,ーーーーーーー終,0,3,0,0,普通にレベルアップ,32,ノクタス終　,0,進化なし,0,？？？？？終,0,進化なし,0,？？？？？終,0,進化なし,0,？？？？？終,0,進化なし,0,？？？？？終,0,
345,ノクタス終　,70,115,60,55,115,60,草,悪,60,177,4,1,アイテムなし,どくバリ,127,20,35,3,7,8,すながくれ終　　,ーーーーーーー終,0,3,0,0,進化なし,0,？？？？？終,0,進化なし,0,？？？？？終,0,進化なし,0,？？？？？終,0,進化なし,0,？？？？？終,0,進化なし,0,？？？？？終,0,
346,ユキワラシ終,50,50,50,50,50,50,氷,氷,190,74,1,0,アイテムなし,アイテムなし,127,20,70,0,6,10,せいしんりょく終,ーーーーーーー終,0,7,0,0,普通にレベルアップ,42,オニゴーリ終,0,進化なし,0,？？？？？終,0,進化なし,0,？？？？？終,0,進化なし,0,？？？？？終,0,進化なし,0,？？？？？終,0,
347,オニゴーリ終,80,80,80,80,80,80,氷,氷,75,187,2,0,アイテムなし,とけないこおり,127,20,70,0,6,10,せいしんりょく終,ーーーーーーー終,0,7,0,0,進化なし,0,？？？？？終,0,進化なし,0,？？？？？終,0,進化なし,0,？？？？？終,0,進化なし,0,？？？？？終,0,進化なし,0,？？？？？終,0,
348,ルナトーン終,90,55,65,70,95,85,岩,超,45,150,0,2,アイテムなし,つきのいし,255,25,70,4,10,10,ふゆう終　　　　,ーーーーーーー終,0,2,0,0,進化なし,0,？？？？？終,0,進化なし,0,？？？？？終,0,進化なし,0,？？？？？終,0,進化なし,0,？？？？？終,0,進化なし,0,？？？？？終,0,
349,ソルロック終,90,95,85,70,55,65,岩,超,45,150,8,0,アイテムなし,たいようのいし,255,25,70,4,10,10,ふゆう終　　　　,ーーーーーーー終,0,0,0,0,進化なし,0,？？？？？終,0,進化なし,0,？？？？？終,0,進化なし,0,？？？？？終,0,進化なし,0,？？？？？終,0,進化なし,0,？？？？？終,0,
350,ルリリ終　　,50,20,40,20,20,40,妖,無,150,33,1,0,アイテムなし,アイテムなし,191,10,70,4,15,15,あついしぼう終　,ちからもち終　　,0,1,0,0,進化なし,0,マリル終　　,0,進化なし,0,？？？？？終,0,進化なし,0,？？？？？終,0,進化なし,0,？？？？？終,0,進化なし,0,？？？？？終,0,
351,バネブー終　,60,25,35,60,70,80,超,超,255,89,0,4,アイテムなし,アイテムなし,127,20,70,4,5,5,あついしぼう終　,マイペース終　　,0,4,0,0,進化なし,32,ブーピッグ終,0,進化なし,0,？？？？？終,0,進化なし,0,？？？？？終,0,進化なし,0,？？？？？終,0,進化なし,0,？？？？？終,0,
352,ブーピッグ終,80,45,65,80,90,110,超,超,60,164,0,8,アイテムなし,アイテムなし,127,20,70,4,5,5,あついしぼう終　,マイペース終　　,0,6,0,0,進化なし,0,？？？？？終,0,進化なし,0,？？？？？終,0,進化なし,0,？？？？？終,0,進化なし,0,？？？？？終,0,進化なし,0,？？？？？終,0,
353,プラスル終　,60,50,40,95,85,75,電,電,200,120,64,0,アイテムなし,アイテムなし,127,20,70,0,6,6,プラス終　　　　,ーーーーーーー終,0,2,0,0,進化なし,0,？？？？？終,0,進化なし,0,？？？？？終,0,進化なし,0,？？？？？終,0,進化なし,0,？？？？？終,0,進化なし,0,？？？？？終,0,
354,マイナン終　,60,40,50,95,75,85,電,電,200,120,64,0,アイテムなし,アイテムなし,127,20,70,0,6,6,マイナス終　　　,ーーーーーーー終,0,2,0,0,進化なし,0,？？？？？終,0,進化なし,0,？？？？？終,0,進化なし,0,？？？？？終,0,進化なし,0,？？？？？終,0,進化なし,0,？？？？？終,0,
355,クチート終　,50,85,85,50,55,55,鋼,妖,45,98,20,0,アイテムなし,アイテムなし,127,20,70,4,5,6,かいりきバサミ終,いかく終　　　　,0,4,0,0,進化なし,0,？？？？？終,0,進化なし,0,？？？？？終,0,進化なし,0,？？？？？終,0,進化なし,0,？？？？？終,0,進化なし,0,？？？？？終,0,
356,アサナン終　,30,40,55,60,40,55,闘,超,180,91,64,0,アイテムなし,アイテムなし,127,20,70,0,8,8,ヨガパワー終　　,ーーーーーーー終,0,1,0,0,普通にレベルアップ,37,チャーレム終,0,進化なし,0,？？？？？終,0,進化なし,0,？？？？？終,0,進化なし,0,？？？？？終,0,進化なし,0,？？？？？終,0,
357,チャーレム終,60,60,75,80,60,75,闘,超,90,153,128,0,アイテムなし,アイテムなし,127,20,70,0,8,8,ヨガパワー終　　,ーーーーーーー終,0,0,0,0,進化なし,0,？？？？？終,0,進化なし,0,？？？？？終,0,進化なし,0,？？？？？終,0,進化なし,0,？？？？？終,0,進化なし,0,？？？？？終,0,
358,チルット終　,45,40,60,50,40,75,無,飛,255,74,0,4,アイテムなし,アイテムなし,127,20,70,1,4,14,しぜんかいふく終,ーーーーーーー終,0,1,0,0,普通にレベルアップ,35,チルタリス終,0,進化なし,0,？？？？？終,0,進化なし,0,？？？？？終,0,進化なし,0,？？？？？終,0,進化なし,0,？？？？？終,0,
359,チルタリス終,75,70,90,80,70,105,竜,飛,45,188,0,8,アイテムなし,アイテムなし,127,20,70,1,4,14,しぜんかいふく終,ーーーーーーー終,0,1,0,0,進化なし,0,？？？？？終,0,進化なし,0,？？？？？終,0,進化なし,0,？？？？？終,0,進化なし,0,？？？？？終,0,進化なし,0,？？？？？終,0,
360,ソーナノ終　,95,23,48,23,23,48,超,超,125,44,1,0,アイテムなし,アイテムなし,127,20,70,0,15,15,かげふみ終　　　,ーーーーーーー終,0,1,0,0,普通にレベルアップ,15,ソーナンス終,0,進化なし,0,？？？？？終,0,進化なし,0,？？？？？終,0,進化なし,0,？？？？？終,0,進化なし,0,？？？？？終,0,
361,ヨマワル終　,20,40,90,25,30,90,霊,霊,190,97,16,4,アイテムなし,のろいのおふだ,127,25,35,4,11,11,ふゆう終　　　　,ーーーーーーー終,0,4,0,0,普通にレベルアップ,37,サマヨール終,0,進化なし,0,？？？？？終,0,進化なし,0,？？？？？終,0,進化なし,0,？？？？？終,0,進化なし,0,？？？？？終,0,
362,サマヨール終,40,70,130,25,60,130,霊,霊,90,179,16,8,アイテムなし,のろいのおふだ,127,25,35,4,11,11,プレッシャー終　,ーーーーーーー終,0,4,0,0,進化なし,0,？？？？？終,0,進化なし,0,？？？？？終,0,進化なし,0,？？？？？終,0,進化なし,0,？？？？？終,0,進化なし,0,？？？？？終,0,
363,ロゼリア終　,50,60,45,65,100,80,草,毒,150,152,0,2,アイテムなし,どくバリ,127,20,70,3,6,7,しぜんかいふく終,どくのトゲ終　　,0,131,0,0,進化なし,0,？？？？？終,0,進化なし,0,？？？？？終,0,進化なし,0,？？？？？終,0,進化なし,0,？？？？？終,0,進化なし,0,？？？？？終,0,
364,ナマケロ終　,60,60,60,30,35,35,無,無,255,83,1,0,アイテムなし,アイテムなし,127,15,70,5,5,5,なまけ終　　　　,ーーーーーーー終,0,5,0,0,普通にレベルアップ,18,ヤルキモノ終,0,進化なし,0,？？？？？終,0,進化なし,0,？？？？？終,0,進化なし,0,？？？？？終,0,進化なし,0,？？？？？終,0,
365,ヤルキモノ終,80,80,80,90,55,55,無,無,120,126,128,0,アイテムなし,アイテムなし,127,15,70,5,5,5,やるき終　　　　,ーーーーーーー終,0,8,0,0,普通にレベルアップ,36,ケッキング終,0,進化なし,0,？？？？？終,0,進化なし,0,？？？？？終,0,進化なし,0,？？？？？終,0,進化なし,0,？？？？？終,0,
366,ケッキング終,150,160,100,100,95,65,無,無,45,210,3,0,アイテムなし,アイテムなし,127,15,70,5,5,5,なまけ終　　　　,ーーーーーーー終,0,5,0,0,進化なし,0,？？？？？終,0,進化なし,0,？？？？？終,0,進化なし,0,？？？？？終,0,進化なし,0,？？？？？終,0,進化なし,0,？？？？？終,0,
367,ゴクリン終　,70,43,53,40,43,53,毒,毒,225,75,1,0,アイテムなし,おおきなしんじゅ,127,20,70,2,11,11,へドロえき終　　,ねんちゃく終　　,0,3,0,0,普通にレベルアップ,26,マルノーム終,0,進化なし,0,？？？？？終,0,進化なし,0,？？？？？終,0,進化なし,0,？？？？？終,0,進化なし,0,？？？？？終,0,
368,マルノーム終,100,73,83,55,73,83,毒,毒,75,168,2,0,アイテムなし,おおきなしんじゅ,127,20,70,2,11,11,へドロえき終　　,ねんちゃく終　　,0,6,0,0,進化なし,0,？？？？？終,0,進化なし,0,？？？？？終,0,進化なし,0,？？？？？終,0,進化なし,0,？？？？？終,0,進化なし,0,？？？？？終,0,
369,トロピウス終,99,68,83,51,72,87,草,飛,200,169,2,0,アイテムなし,アイテムなし,127,25,70,5,1,7,ようりょくそ終　,ーーーーーーー終,0,3,0,0,進化なし,0,？？？？？終,0,進化なし,0,？？？？？終,0,進化なし,0,？？？？？終,0,進化なし,0,？？？？？終,0,進化なし,0,？？？？？終,0,
370,ゴニョニョ終,64,51,23,28,51,23,無,無,190,68,1,0,アイテムなし,カゴのみ,127,20,70,3,1,5,ぼうおん終　　　,ーーーーーーー終,0,9,0,0,普通にレベルアップ,20,ドゴーム終　,0,進化なし,0,？？？？？終,0,進化なし,0,？？？？？終,0,進化なし,0,？？？？？終,0,進化なし,0,？？？？？終,0,
371,ドゴーム終　,84,71,43,48,71,43,無,無,120,126,2,0,アイテムなし,カゴのみ,127,20,70,3,1,5,ぼうおん終　　　,ーーーーーーー終,0,1,0,0,普通にレベルアップ,40,バクオング終,0,進化なし,0,？？？？？終,0,進化なし,0,？？？？？終,0,進化なし,0,？？？？？終,0,進化なし,0,？？？？？終,0,
372,バクオング終,104,91,63,68,91,73,無,無,45,184,3,0,アイテムなし,カゴのみ,127,20,70,3,1,5,ぼうおん終　　　,ーーーーーーー終,0,1,0,0,進化なし,0,？？？？？終,0,進化なし,0,？？？？？終,0,進化なし,0,？？？？？終,0,進化なし,0,？？？？？終,0,進化なし,0,？？？？？終,0,
373,パールル終　,35,64,85,32,74,55,水,水,255,142,16,0,アイテムなし,あおいかけら,127,20,70,1,2,2,シェルアーマー終,ーーーーーーー終,0,1,0,0,特定のアイテムを持たせた状態で通信交換,しんかいのキバ,ハンテール終,0,特定のアイテムを持たせた状態で通信交換,しんかいのウロコ,サクラビス終,0,進化なし,0,？？？？？終,0,進化なし,0,？？？？？終,0,進化なし,0,？？？？？終,0,
374,ハンテール終,55,104,105,52,94,75,水,水,60,178,20,0,アイテムなし,アイテムなし,127,20,70,1,2,2,すいすい終　　　,ーーーーーーー終,0,1,0,0,進化なし,0,？？？？？終,0,進化なし,0,？？？？？終,0,進化なし,0,？？？？？終,0,進化なし,0,？？？？？終,0,進化なし,0,？？？？？終,0,
375,サクラビス終,55,84,105,52,114,75,水,水,60,178,0,2,アイテムなし,アイテムなし,127,20,70,1,2,2,すいすい終　　　,ーーーーーーー終,0,9,0,0,進化なし,0,？？？？？終,0,進化なし,0,？？？？？終,0,進化なし,0,？？？？？終,0,進化なし,0,？？？？？終,0,進化なし,0,？？？？？終,0,
376,アブソル終　,65,130,60,75,75,60,悪,悪,30,174,8,0,アイテムなし,アイテムなし,127,25,35,3,5,5,プレッシャー終　,ーーーーーーー終,0,136,0,0,進化なし,0,？？？？？終,0,進化なし,0,？？？？？終,0,進化なし,0,？？？？？終,0,進化なし,0,？？？？？終,0,進化なし,0,？？？？？終,0,
377,カゲボウズ終,44,75,35,45,63,33,霊,霊,225,97,4,0,アイテムなし,のろいのおふだ,127,25,35,4,11,11,ふみん終　　　　,ーーーーーーー終,0,4,0,0,普通にレベルアップ,37,ジュペッタ終,0,進化なし,0,？？？？？終,0,進化なし,0,？？？？？終,0,進化なし,0,？？？？？終,0,進化なし,0,？？？？？終,0,
378,ジュペッタ終,64,115,65,65,83,63,霊,霊,45,179,8,0,アイテムなし,のろいのおふだ,127,25,35,4,11,11,ふみん終　　　　,ーーーーーーー終,0,4,0,0,進化なし,0,？？？？？終,0,進化なし,0,？？？？？終,0,進化なし,0,？？？？？終,0,進化なし,0,？？？？？終,0,進化なし,0,？？？？？終,0,
379,ハブネーク終,73,100,60,65,100,60,毒,毒,90,165,4,1,アイテムなし,アイテムなし,127,20,70,2,5,14,だっぴ終　　　　,ーーーーーーー終,0,132,0,0,進化なし,0,？？？？？終,0,進化なし,0,？？？？？終,0,進化なし,0,？？？？？終,0,進化なし,0,？？？？？終,0,進化なし,0,？？？？？終,0,
380,ザングース終,73,115,60,90,60,60,無,無,90,165,8,0,アイテムなし,アイテムなし,127,20,70,1,5,5,めんえき終　　　,ーーーーーーー終,0,136,0,0,進化なし,0,？？？？？終,0,進化なし,0,？？？？？終,0,進化なし,0,？？？？？終,0,進化なし,0,？？？？？終,0,進化なし,0,？？？？？終,0,
381,ジーランス終,100,90,130,55,45,65,水,岩,25,198,17,0,アイテムなし,みどりのかけら,31,40,70,5,2,12,すいすい終　　　,いしあたま終　　,0,7,0,0,進化なし,0,？？？？？終,0,進化なし,0,？？？？？終,0,進化なし,0,？？？？？終,0,進化なし,0,？？？？？終,0,進化なし,0,？？？？？終,0,
382,ココドラ終　,50,70,100,30,40,40,鋼,岩,180,96,16,0,アイテムなし,かたいいし,127,35,35,5,1,1,がんじょう終　　,いしあたま終　　,0,7,0,0,普通にレベルアップ,32,コドラ終　　,0,進化なし,0,？？？？？終,0,進化なし,0,？？？？？終,0,進化なし,0,？？？？？終,0,進化なし,0,？？？？？終,0,
383,コドラ終　　,60,90,140,40,50,50,鋼,岩,90,152,32,0,アイテムなし,かたいいし,127,35,35,5,1,1,がんじょう終　　,いしあたま終　　,0,7,0,0,普通にレベルアップ,42,ボスゴドラ終,0,進化なし,0,？？？？？終,0,進化なし,0,？？？？？終,0,進化なし,0,？？？？？終,0,進化なし,0,？？？？？終,0,
384,ボスゴドラ終,70,110,180,50,60,60,鋼,岩,45,205,48,0,アイテムなし,かたいいし,127,35,35,5,1,1,がんじょう終　　,いしあたま終　　,0,7,0,0,進化なし,0,？？？？？終,0,進化なし,0,？？？？？終,0,進化なし,0,？？？？？終,0,進化なし,0,？？？？？終,0,進化なし,0,？？？？？終,0,
385,ポワルン終　,70,70,70,70,70,70,無,無,45,145,1,0,しんぴのしずく,しんぴのしずく,127,25,70,0,6,11,てんきや終　　　,ーーーーーーー終,0,8,0,0,進化なし,0,？？？？？終,0,進化なし,0,？？？？？終,0,進化なし,0,？？？？？終,0,進化なし,0,？？？？？終,0,進化なし,0,？？？？？終,0,
386,バルビート終,65,73,75,85,47,85,虫,虫,150,146,64,0,アイテムなし,アイテムなし,0,15,70,1,3,8,はっこう終　　　,むしのしらせ終　,0,7,0,0,進化なし,0,？？？？？終,0,進化なし,0,？？？？？終,0,進化なし,0,？？？？？終,0,進化なし,0,？？？？？終,0,進化なし,0,？？？？？終,0,
387,イルミーゼ終,65,47,75,85,73,85,虫,虫,150,146,64,0,アイテムなし,アイテムなし,254,15,70,2,3,8,どんかん終　　　,ーーーーーーー終,0,6,0,0,進化なし,0,？？？？？終,0,進化なし,0,？？？？？終,0,進化なし,0,？？？？？終,0,進化なし,0,？？？？？終,0,進化なし,0,？？？？？終,0,
388,リリーラ終　,66,41,77,23,61,87,岩,草,45,121,0,4,アイテムなし,アイテムなし,31,30,70,1,9,9,きゅうばん終　　,ーーーーーーー終,0,6,0,0,普通にレベルアップ,40,ユレイドル終,0,進化なし,0,？？？？？終,0,進化なし,0,？？？？？終,0,進化なし,0,？？？？？終,0,進化なし,0,？？？？？終,0,
389,ユレイドル終,86,81,97,43,81,107,岩,草,45,201,0,8,アイテムなし,アイテムなし,31,30,70,1,9,9,きゅうばん終　　,ーーーーーーー終,0,3,0,0,進化なし,0,？？？？？終,0,進化なし,0,？？？？？終,0,進化なし,0,？？？？？終,0,進化なし,0,？？？？？終,0,進化なし,0,？？？？？終,0,
390,アノプス終　,45,95,50,75,40,50,岩,虫,45,119,4,0,アイテムなし,アイテムなし,31,30,70,1,9,9,カブトアーマー終,ーーーーーーー終,0,7,0,0,普通にレベルアップ,40,アーマルド終,0,進化なし,0,？？？？？終,0,進化なし,0,？？？？？終,0,進化なし,0,？？？？？終,0,進化なし,0,？？？？？終,0,
391,アーマルド終,75,125,100,45,70,80,岩,虫,45,200,8,0,アイテムなし,アイテムなし,31,30,70,1,9,9,カブトアーマー終,ーーーーーーー終,0,7,0,0,進化なし,0,？？？？？終,0,進化なし,0,？？？？？終,0,進化なし,0,？？？？？終,0,進化なし,0,？？？？？終,0,進化なし,0,？？？？？終,0,
392,ラルトス終　,28,25,25,40,45,35,妖,超,235,70,0,1,アイテムなし,アイテムなし,127,20,35,5,11,8,シンクロ終　　　,トレース終　　　,0,8,0,0,普通にレベルアップ,20,キルリア終　,0,進化なし,0,？？？？？終,0,進化なし,0,？？？？？終,0,進化なし,0,？？？？？終,0,進化なし,0,？？？？？終,0,
393,キルリア終　,38,35,35,50,65,55,妖,超,120,140,0,2,アイテムなし,アイテムなし,127,20,35,5,11,8,シンクロ終　　　,トレース終　　　,0,8,0,0,普通にレベルアップ,30,サーナイト終,0,進化なし,0,？？？？？終,0,進化なし,0,？？？？？終,0,進化なし,0,？？？？？終,0,進化なし,0,？？？？？終,0,
394,サーナイト終,68,65,65,80,125,115,妖,超,45,208,0,3,アイテムなし,アイテムなし,127,20,35,5,11,8,シンクロ終　　　,トレース終　　　,0,8,0,0,進化なし,0,？？？？？終,0,進化なし,0,？？？？？終,0,進化なし,0,？？？？？終,0,進化なし,0,？？？？？終,0,進化なし,0,？？？？？終,0,
395,タツベイ終　,45,75,60,50,40,30,竜,竜,45,89,4,0,アイテムなし,りゅうのウロコ,127,40,35,5,14,14,いしあたま終　　,ーーーーーーー終,0,1,0,0,普通にレベルアップ,30,コモルー終　,0,進化なし,0,？？？？？終,0,進化なし,0,？？？？？終,0,進化なし,0,？？？？？終,0,進化なし,0,？？？？？終,0,
396,コモルー終　,65,95,100,50,60,50,竜,竜,45,144,32,0,アイテムなし,りゅうのウロコ,127,40,35,5,14,14,いしあたま終　　,ーーーーーーー終,0,8,0,0,普通にレベルアップ,50,ボーマンダ終,0,進化なし,0,？？？？？終,0,進化なし,0,？？？？？終,0,進化なし,0,？？？？？終,0,進化なし,0,？？？？？終,0,
397,ボーマンダ終,95,135,80,100,110,80,竜,飛,45,218,12,0,アイテムなし,りゅうのウロコ,127,40,35,5,14,14,いかく終　　　　,じしんかじょう終,0,1,0,0,進化なし,0,？？？？？終,0,進化なし,0,？？？？？終,0,進化なし,0,？？？？？終,0,進化なし,0,？？？？？終,0,進化なし,0,？？？？？終,0,
398,ダンバル終　,40,55,80,30,35,60,鋼,超,3,103,16,0,アイテムなし,メタルコート,255,40,35,5,10,10,クリアボディ終　,ーーーーーーー終,0,1,0,0,普通にレベルアップ,20,メタング終　,0,進化なし,0,？？？？？終,0,進化なし,0,？？？？？終,0,進化なし,0,？？？？？終,0,進化なし,0,？？？？？終,0,
399,メタング終　,60,75,100,50,55,80,鋼,超,3,153,32,0,アイテムなし,メタルコート,255,40,35,5,10,10,クリアボディ終　,ーーーーーーー終,0,1,0,0,普通にレベルアップ,45,メタグロス終,0,進化なし,0,？？？？？終,0,進化なし,0,？？？？？終,0,進化なし,0,？？？？？終,0,進化なし,0,？？？？？終,0,
400,メタグロス終,80,135,130,70,95,90,鋼,超,3,210,48,0,アイテムなし,メタルコート,255,40,35,5,10,10,クリアボディ終　,ーーーーーーー終,0,1,0,0,進化なし,0,？？？？？終,0,進化なし,0,？？？？？終,0,進化なし,0,？？？？？終,0,進化なし,0,？？？？？終,0,進化なし,0,？？？？？終,0,
401,レジロック終,80,100,200,50,50,100,岩,岩,3,217,48,0,アイテムなし,アイテムなし,255,80,35,5,15,15,クリアボディ終　,ーーーーーーー終,0,5,0,0,進化なし,0,？？？？？終,0,進化なし,0,？？？？？終,0,進化なし,0,？？？？？終,0,進化なし,0,？？？？？終,0,進化なし,0,？？？？？終,0,
402,レジアイス終,80,50,100,50,100,200,氷,氷,3,216,0,12,アイテムなし,アイテムなし,255,80,35,5,15,15,クリアボディ終　,ーーーーーーー終,0,1,0,0,進化なし,0,？？？？？終,0,進化なし,0,？？？？？終,0,進化なし,0,？？？？？終,0,進化なし,0,？？？？？終,0,進化なし,0,？？？？？終,0,
403,レジスチル終,80,75,150,50,75,150,鋼,鋼,3,215,32,4,アイテムなし,アイテムなし,255,80,35,5,15,15,クリアボディ終　,ーーーーーーー終,0,7,0,0,進化なし,0,？？？？？終,0,進化なし,0,？？？？？終,0,進化なし,0,？？？？？終,0,進化なし,0,？？？？？終,0,進化なし,0,？？？？？終,0,
404,カイオーガ終,100,100,90,90,150,140,水,水,5,218,0,3,アイテムなし,アイテムなし,255,120,0,5,15,15,あめふらし終　　,ーーーーーーー終,0,1,0,0,進化なし,0,？？？？？終,0,進化なし,0,？？？？？終,0,進化なし,0,？？？？？終,0,進化なし,0,？？？？？終,0,進化なし,0,？？？？？終,0,
405,グラードン終,100,150,140,90,100,90,地,地,5,218,12,0,アイテムなし,アイテムなし,255,120,0,5,15,15,ひでり終　　　　,ーーーーーーー終,0,0,0,0,進化なし,0,？？？？？終,0,進化なし,0,？？？？？終,0,進化なし,0,？？？？？終,0,進化なし,0,？？？？？終,0,進化なし,0,？？？？？終,0,
406,レックウザ終,105,150,90,95,150,90,竜,飛,3,220,8,1,アイテムなし,アイテムなし,255,120,0,5,15,15,エアロック終　　,ーーーーーーー終,0,3,0,0,進化なし,0,？？？？？終,0,進化なし,0,？？？？？終,0,進化なし,0,？？？？？終,0,進化なし,0,？？？？？終,0,進化なし,0,？？？？？終,0,
407,ラティアス終,80,80,90,110,110,130,竜,超,3,211,0,12,アイテムなし,アイテムなし,254,120,90,5,15,15,ふゆう終　　　　,ーーーーーーー終,0,0,0,0,進化なし,0,？？？？？終,0,進化なし,0,？？？？？終,0,進化なし,0,？？？？？終,0,進化なし,0,？？？？？終,0,進化なし,0,？？？？？終,0,
408,ラティオス終,80,90,80,110,130,110,竜,超,3,211,0,3,アイテムなし,アイテムなし,0,120,90,5,15,15,ふゆう終　　　　,ーーーーーーー終,0,1,0,0,進化なし,0,？？？？？終,0,進化なし,0,？？？？？終,0,進化なし,0,？？？？？終,0,進化なし,0,？？？？？終,0,進化なし,0,？？？？？終,0,
409,ジラーチ終　,100,100,100,100,100,100,鋼,超,3,215,3,0,ほしのかけら,ほしのかけら,255,120,100,5,15,15,てんのめぐみ終　,ーーーーーーー終,0,2,0,0,進化なし,0,？？？？？終,0,進化なし,0,？？？？？終,0,進化なし,0,？？？？？終,0,進化なし,0,？？？？？終,0,進化なし,0,？？？？？終,0,
410,デオキシス終,50,150,50,150,150,50,超,超,3,215,68,1,アイテムなし,アイテムなし,255,120,0,5,15,15,プレッシャー終　,ーーーーーーー終,0,128,0,0,進化なし,0,？？？？？終,0,進化なし,0,？？？？？終,0,進化なし,0,？？？？？終,0,進化なし,0,？？？？？終,0,進化なし,0,？？？？？終,0,
411,チリーン終　,75,50,80,65,95,90,超,超,45,147,0,5,アイテムなし,アイテムなし,127,25,70,4,11,11,ふゆう終　　　　,ーーーーーーー終,0,1,0,0,進化なし,0,？？？？？終,0,進化なし,0,？？？？？終,0,進化なし,0,？？？？？終,0,進化なし,0,？？？？？終,0,進化なし,0,？？？？？終,0,
412,？？？？？終,0,0,0,0,0,0,無,無,0,0,0,0,アイテムなし,アイテムなし,0,0,0,0,0,0,ーーーーーーー終,ーーーーーーー終,0,0,0,0,状態で通信交換,65535,未定義,255,状態で通信交換,65535,未定義,255,状態で通信交換,65535,未定義,255,状態で通信交換,65535,未定義,255,状態で通信交換,65535,未定義,255,
